"regulator","ID","type","FDR","count","avg_corr","rc_mean","rc_sd","zscore","pvalue"
"ADIPOQ",74,"other",1.24e-12,69,0.442017229782287,0.357951225264284,0.0229312982578518,3.66599411741626,0.00012318979420331
"AIMP1",79,"cytokine",2.25e-11,13,0.52884960771344,0.360729652108559,0.0661367471318267,2.54200520732864,0.00551092657094513
"AREG",95,"growth factor",9.87e-09,31,0.453640920244462,0.354023804784847,0.0404786507310223,2.46097914976374,0.0069279209052992
"BMP10",97,"growth factor",5.85e-08,28,0.428973666690699,0.356872048665345,0.0422223280489018,1.70766562047091,0.0438492023927748
"BMP15",144,"growth factor",0.0153,7,0.392386721018879,0.350371709618014,0.0858538568112617,0.489378263963489,0.312286960815726
"BMP2",153,"growth factor",0.0329,31,0.385434570009448,0.354023804784847,0.0404786507310223,0.77598350383077,0.21887936300183
"BMP4",111,"growth factor",3.01e-06,57,0.362370333753705,0.358905069353335,0.0243294659151166,0.142430763275269,0.443369882251986
"BMP6",132,"growth factor",0.00225,20,0.44138317697206,0.352202039067602,0.0456027354971476,1.9556093934329,0.0252555927454722
"BMP7",140,"growth factor",0.00905,34,0.450223282952773,0.361105645239357,0.0355508397214853,2.50676604017196,0.00609206644393311
"CCL1",128,"cytokine",0.000984,6,0.482615080579431,0.377902301681026,0.092483599074943,1.13223079492778,0.128768708254364
"CCL11",65,"other",1.43e-13,25,0.39369238189889,0.359323444446249,0.0438350280491658,0.784051909675818,0.216504825897323
"CCL18",121,"cytokine",5.43e-05,6,0.33716105283769,0.377902301681026,0.092483599074943,-0.440524041568946,0.670221198185502
"CCL19",96,"cytokine",2.21e-08,11,0.468607134646585,0.357019464908338,0.0639687546423127,1.74440897532241,0.0405439005331556
"CCL2",51,"cytokine",5.25e-18,53,0.436447091654293,0.366285670327399,0.0277919686022878,2.52452146628859,0.00579279645000759
"CCL20",72,"cytokine",6.89e-13,23,0.50538866936895,0.356973200449334,0.0416199244359115,3.56597160929866,0.000181255308825943
"CCL21",104,"cytokine",3.18e-07,7,0.549090600217951,0.350371709618014,0.0858538568112617,2.31461809615373,0.0103169208210427
"CCL3",69,"cytokine",4.2e-13,18,0.55680756470584,0.360242370641057,0.0515487745933677,3.81318849216783,6.85927022332714e-05
"CCL4",117,"cytokine",1.18e-05,9,0.517467281231427,0.356339055362872,0.0696742325524647,2.31259419681767,0.0103724804479754
"CCL5",59,"cytokine",5.52e-15,35,0.464147388487148,0.354093880532423,0.0393189746867146,2.79899231431157,0.00256311787957021
"CD40LG",7,"cytokine",8.55e-108,209,0.483569905601917,0.360783657495487,0.0132266916371364,9.28321695817602,8.22186163767048e-21
"CMTM3",152,"cytokine",0.0292,15,0.409336679531692,0.361682077882925,0.0569063445258109,0.837421592370109,0.201177816431187
"CNTF",48,"cytokine",1.41e-19,68,0.428458856785459,0.358633811161296,0.0248073033289947,2.81469713568389,0.00244116112210388
"CRLF1",125,"cytokine",0.000251,4,0.500062701811419,0.343697834809809,0.121609177422783,1.28579824578532,0.0992567413062681
"CSF1",11,"cytokine",1.41e-93,184,0.506834098417238,0.359044636622166,0.0145716399149094,10.1422669416815,1.79338883973825e-24
"CSF2",15,"cytokine",1.12e-80,211,0.472819335575928,0.359329150591127,0.0132557881535444,8.56155693424047,5.56767024294772e-18
"CSF3",31,"cytokine",1.4e-36,92,0.451224744079668,0.3615996645178,0.0188001063209639,4.76726450541013,9.3372036960638e-07
"CTF1",122,"cytokine",6.03e-05,13,0.407061037254054,0.360729652108559,0.0661367471318267,0.700539218433971,0.241795310926734
"CX3CL1",109,"cytokine",2.22e-06,34,0.389873908357201,0.361105645239357,0.0355508397214853,0.809214728631501,0.209195822199196
"CXCL1",105,"cytokine",7.05e-07,11,0.558374690217302,0.357019464908338,0.0639687546423127,3.14771213594607,0.000822768282070126
"CXCL10",112,"cytokine",5.99e-06,9,0.510524270636819,0.356339055362872,0.0696742325524647,2.21294457973176,0.0134507333600559
"CXCL12",49,"cytokine",3.18e-19,68,0.450157006888636,0.358633811161296,0.0248073033289947,3.68936496295298,0.000112407259119458
"CXCL13",135,"cytokine",0.00281,5,0.367865849726818,0.360514695951162,0.104315087933604,0.0704706665284633,0.47190952360422
"CXCL16",119,"cytokine",1.72e-05,8,0.553706968752615,0.358295585469424,0.0781911237419391,2.49915046531527,0.00622457204733571
"CXCL5",133,"cytokine",0.00241,6,0.283078808984075,0.377902301681026,0.092483599074943,-1.02530063325187,0.847389321450119
"CXCL8",53,"cytokine",2.91e-17,47,0.448926586413903,0.35742232995269,0.0305088472543991,2.99926954624676,0.00135313884124378
"CXCL9",129,"cytokine",0.00168,5,0.282536121288803,0.360514695951162,0.104315087933604,-0.74752920413576,0.7726279094357
"EBI3",33,"cytokine",1.84e-30,43,0.46599743273736,0.358977748800896,0.033132747019482,3.23002749737401,0.000618891564407353
"EDN1",52,"cytokine",2.5e-17,64,0.454593178057438,0.358586126830529,0.0237770740601291,4.03779922559522,2.69775000119332e-05
"EPO",47,"cytokine",9.96e-20,86,0.422994525034082,0.360405949518128,0.0204972223883037,3.05351497535924,0.00113088716410493
"FASLG",73,"cytokine",8.71e-13,25,0.496885504080795,0.359323444446249,0.0438350280491658,3.13817660799157,0.000850012064461575
"FGF2",81,"growth factor",1.03e-10,95,0.441956526421061,0.36061630428267,0.0206981961247613,3.92982178969129,4.25044211437038e-05
"FLT3LG",45,"cytokine",2.75e-20,41,0.535518496682513,0.357364492317116,0.0312190899816297,5.70657262816528,5.76368661628431e-09
"GDF11",123,"growth factor",0.000208,18,0.42619475722726,0.360242370641057,0.0515487745933677,1.27941715601303,0.100375097806957
"GDF15",130,"growth factor",0.00173,10,0.427615501759038,0.35348174701915,0.0751552919879389,0.986407647139271,0.161966557005416
"GDF2",113,"growth factor",6.21e-06,33,0.390769531808382,0.364718076081927,0.0335380064667975,0.776774127950814,0.218646021726601
"GDF9",142,"growth factor",0.0151,9,0.408237120724113,0.356339055362872,0.0696742325524647,0.744867413102278,0.228175938305093
"GH1",147,"growth factor",0.021,25,0.367358851948751,0.359323444446249,0.0438350280491658,0.183310194155457,0.427277318073514
"GPR15LG",98,"cytokine",5.99e-08,18,0.499299141740981,0.360242370641057,0.0515487745933677,2.69757665816202,0.00349231006308581
"GRN",34,"growth factor",1.74e-26,75,0.449864485779672,0.359414912603069,0.0259013274497059,3.49208253330774,0.000239635066117078
"HMGB1",36,"transcription regulator",9.75e-25,54,0.452488664808515,0.35918026662367,0.0260767061770415,3.57822792308777,0.000172965862359656
"IFNA10",84,"cytokine",1.97e-10,12,0.714607464856195,0.355232086993106,0.0651222110631093,5.51847629244071,1.70975795842912e-08
"IFNA14",83,"cytokine",1.97e-10,12,0.714607464856195,0.355232086993106,0.0651222110631093,5.51847629244071,1.70975795842912e-08
"IFNA16",93,"cytokine",8.4e-10,12,0.714607464856195,0.355232086993106,0.0651222110631093,5.51847629244071,1.70975795842912e-08
"IFNA17",89,"cytokine",3.68e-10,13,0.722118300759887,0.360729652108559,0.0661367471318267,5.4642640335938,2.32415619555193e-08
"IFNA2",9,"cytokine",5.07e-100,166,0.499455691205319,0.360568126517126,0.0155101158320607,8.95464393638508,1.70416917051815e-19
"IFNA21",85,"cytokine",1.97e-10,12,0.714607464856195,0.355232086993106,0.0651222110631093,5.51847629244071,1.70975795842912e-08
"IFNA4",66,"cytokine",1.6e-13,26,0.628684641518973,0.354722706162512,0.0382446446376704,7.16340648349529,3.93482770114272e-13
"IFNA5",86,"cytokine",1.97e-10,12,0.714607464856195,0.355232086993106,0.0651222110631093,5.51847629244071,1.70975795842912e-08
"IFNA6",88,"cytokine",1.97e-10,12,0.714607464856195,0.355232086993106,0.0651222110631093,5.51847629244071,1.70975795842912e-08
"IFNA7",87,"cytokine",1.97e-10,12,0.714607464856195,0.355232086993106,0.0651222110631093,5.51847629244071,1.70975795842912e-08
"IFNA8",92,"cytokine",8.4e-10,12,0.714607464856195,0.355232086993106,0.0651222110631093,5.51847629244071,1.70975795842912e-08
"IFNB1",25,"cytokine",4.46e-52,133,0.508386757647247,0.359328107574226,0.0198008056841338,7.52790833114737,2.57797834534947e-14
"IFNE",44,"cytokine",3.26e-22,31,0.609608775173509,0.354023804784847,0.0404786507310223,6.31406842305603,1.35896837653311e-10
"IFNG",1,"cytokine",7.96e-220,596,0.435047705878827,0.359621328171823,0.00685041594875397,11.0104814468562,1.70090484852608e-28
"IFNK",62,"cytokine",3.95e-14,18,0.672645866255606,0.360242370641057,0.0515487745933677,6.06034766255614,6.79138200469157e-10
"IFNL1",18,"cytokine",2.54e-64,76,0.611083640257369,0.36136674595735,0.0212627689918048,11.7443261691959,3.77610273529063e-32
"IFNL2",106,"other",9.74e-07,10,0.54736160890781,0.35348174701915,0.0751552919879389,2.57972335360994,0.0049439746271317
"IFNL3",99,"other",6.06e-08,11,0.455218688603539,0.357019464908338,0.0639687546423127,1.53511232545156,0.0623781196119704
"IFNL4",67,"cytokine",3.1e-13,13,0.767965724642394,0.360729652108559,0.0661367471318267,6.15748566711505,3.69544649541796e-10
"IFNW1",90,"cytokine",4.4e-10,14,0.657119714035523,0.352852624197483,0.0579397574364407,5.25143879264282,7.54578418047308e-08
"IL10",10,"cytokine",4.82e-99,219,0.460938080155611,0.359035479804778,0.0128842455125042,7.90908557679502,1.29643168469378e-15
"IL11",58,"cytokine",1.85e-15,38,0.374460247449282,0.361071647756052,0.0341012334025261,0.392613356097515,0.347302536693221
"IL12A",38,"cytokine",4.66e-24,30,0.481548368200675,0.359407330671671,0.0363117987223937,3.3636735668971,0.000384562282029247
"IL12B",39,"cytokine",5.56e-24,38,0.467809097326609,0.361071647756052,0.0341012334025261,3.13001727270811,0.00087398012440832
"IL13",21,"cytokine",7.05e-58,173,0.431579099903174,0.3593250715717,0.0167816763298204,4.30553103941598,8.32928147216984e-06
"IL15",8,"cytokine",4e-104,231,0.468421551327672,0.358560335739582,0.0130013792242808,8.44996624534407,1.45693527520917e-17
"IL16",138,"cytokine",0.00503,6,0.663665605795141,0.377902301681026,0.092483599074943,3.08988087587887,0.0010011839401782
"IL17A",16,"cytokine",5.94e-73,186,0.406262722437344,0.357193306554486,0.0177294551485732,2.76767760044826,0.00282286374818024
"IL17B",137,"cytokine",0.00498,4,0.647744261184456,0.343697834809809,0.121609177422783,2.50019310070332,0.00620628141550393
"IL17C",82,"cytokine",1.15e-10,17,0.478642669671097,0.368766360759955,0.0533166035371191,2.06082723995436,0.0196597623684111
"IL17F",30,"cytokine",5.61e-40,68,0.456806293120382,0.358633811161296,0.0248073033289947,3.95740240916643,3.78846135523778e-05
"IL18",20,"cytokine",1.47e-58,110,0.466185623707465,0.358058749476484,0.0192050487317828,5.63012756390668,9.00381934264857e-09
"IL19",107,"cytokine",1.35e-06,11,0.492977706298069,0.357019464908338,0.0639687546423127,2.12538515326669,0.0167772440491226
"IL1A",17,"cytokine",8.98e-70,150,0.42591897368813,0.358326209965243,0.014628269866135,4.62069433647558,1.91228951108694e-06
"IL1B",5,"cytokine",1.91e-122,401,0.437703976471963,0.35871791332184,0.00939464807194774,8.40755955361159,2.09314907092295e-17
"IL1F10",103,"cytokine",2.8e-07,13,0.343747328761632,0.360729652108559,0.0661367471318267,-0.256775908755795,0.601324115656677
"IL1RN",27,"cytokine",1.7e-47,80,0.521684891278938,0.358991001678825,0.0232516831821051,6.99708009634869,1.3067594595372e-12
"IL2",4,"cytokine",9.11e-126,314,0.460166788965686,0.360399756030751,0.00960332470942933,10.3888013738592,1.39417559867829e-25
"IL20",124,"cytokine",0.000213,12,0.325785583398453,0.355232086993106,0.0651222110631093,-0.452172970081086,0.674427810498116
"IL21",19,"cytokine",7.39e-64,108,0.489160058984777,0.360093707209203,0.0198486218779759,6.50253466306322,3.94889073630907e-11
"IL22",43,"cytokine",7.3e-23,51,0.401929592360001,0.365923070577932,0.0296108123511015,1.21599236640765,0.111993914973557
"IL23A",61,"cytokine",9.52e-15,25,0.442451816759017,0.359323444446249,0.0438350280491658,1.89639144794275,0.0289541509458783
"IL24",55,"cytokine",5.74e-17,29,0.484622777062291,0.360917723801243,0.0351991385135022,3.51443411643712,0.000220345986849927
"IL25",64,"cytokine",1.11e-13,36,0.41073664875246,0.358451765794946,0.0296096721625264,1.76580418285364,0.0387143532630009
"IL26",115,"cytokine",7.49e-06,7,0.530653071431123,0.350371709618014,0.0858538568112617,2.09986328522705,0.0178704346334172
"IL27",6,"cytokine",1.73e-111,164,0.463269001244627,0.359236337858285,0.0149020642262503,6.98109079432671,1.46448467986466e-12
"IL3",26,"cytokine",1.14e-49,143,0.447249290557049,0.361607019699649,0.0161028595554267,5.31845108395905,5.23271736551321e-08
"IL31",127,"cytokine",0.000912,9,0.638973859111036,0.356339055362872,0.0696742325524647,4.05651836258605,2.49048240805069e-05
"IL32",46,"cytokine",5.1e-20,36,0.46001200760561,0.358451765794946,0.0296096721625264,3.42996846615538,0.000301825699384236
"IL33",12,"cytokine",5.79e-85,194,0.484649675163326,0.357688475313234,0.0148147771414663,8.56990278272427,5.1786219847716e-18
"IL36A",80,"cytokine",6.05e-11,16,0.52736023713797,0.364716080491988,0.0514683126536765,3.16008332622819,0.000788620120332458
"IL36B",76,"cytokine",3.15e-12,17,0.530674778615199,0.368766360759955,0.0533166035371191,3.03673540912115,0.00119577641124486
"IL36G",37,"cytokine",1.89e-24,42,0.46395363715645,0.363577459324965,0.0300630228905747,3.33885844403739,0.000420617102453208
"IL36RN",108,"cytokine",2.04e-06,7,0.459848630174915,0.350371709618014,0.0858538568112617,1.27515436840038,0.101127304452009
"IL37",101,"cytokine",1.52e-07,13,0.562884472653425,0.360729652108559,0.0661367471318267,3.05661873786931,0.00111924400938073
"IL4",2,"cytokine",1.26e-185,492,0.445783691222191,0.359645020551146,0.00834942318506693,10.3167211389052,2.96053777628769e-25
"IL5",22,"cytokine",2.59e-54,127,0.450304691430326,0.358339213800998,0.0170667571938738,5.38857362207853,3.5509534938122e-08
"IL6",13,"cytokine",4.19e-83,279,0.406656471703918,0.36005758099636,0.0121027873369202,3.8502610522954,5.89959973940991e-05
"IL7",24,"cytokine",2.02e-52,88,0.47154386439675,0.358976062474428,0.0197070806685739,5.71204856850407,5.58121091174928e-09
"IL9",77,"cytokine",1.35e-11,27,0.481516466731651,0.352573742170901,0.0425676901869858,3.02912194658313,0.00122632829763638
"INHA",151,"growth factor",0.0276,17,0.423985616714587,0.368766360759955,0.0533166035371191,1.03568592692121,0.150174344965121
"INHBA",136,"growth factor",0.00456,34,0.458128335811578,0.361105645239357,0.0355508397214853,2.72912514394378,0.00317513000925697
"INHBB",146,"growth factor",0.019,8,0.414120579464594,0.358295585469424,0.0781911237419391,0.713955642579248,0.23762730430482
"KITLG",41,"growth factor",6.68e-24,83,0.440837471369991,0.357090379718729,0.0228811890051292,3.66008478110509,0.000126065906071344
"LIF",71,"cytokine",5.75e-13,60,0.385397472828528,0.358247377093806,0.0288034603191469,0.942598404285264,0.172943178175147
"LTA",50,"cytokine",1.43e-18,33,0.465149160153491,0.364718076081927,0.0335380064667975,2.99454543223942,0.0013742705976026
"LTB",114,"cytokine",7.39e-06,11,0.42237701132209,0.357019464908338,0.0639687546423127,1.0217104706697,0.153458976943241
"MIF",40,"cytokine",6.05e-24,61,0.430699336759916,0.366710773906272,0.0274549800897604,2.33067234594387,0.00988532173007147
"MSTN",118,"growth factor",1.59e-05,34,0.450603297072165,0.361105645239357,0.0355508397214853,2.51745535503397,0.00591029745629143
"NAMPT",131,"cytokine",0.00194,21,0.403560310326737,0.362996726535277,0.043423507073801,0.934138823069259,0.175116143956018
"NODAL",120,"growth factor",2.22e-05,12,0.438214539172071,0.355232086993106,0.0651222110631093,1.27425728985994,0.101286123807855
"NRG1",110,"growth factor",2.46e-06,51,0.460855058086019,0.365923070577932,0.0296108123511015,3.20599064903923,0.000672991811616745
"OSM",23,"cytokine",1.45e-53,187,0.405440763061933,0.360546149707555,0.0150847388327726,2.97616112894449,0.00145940730453318
"PF4",42,"cytokine",3.29e-23,48,0.527149672930722,0.358024257915325,0.0315356147840232,5.36299723895284,4.09261289319733e-08
"PPBP",150,"cytokine",0.0266,4,0.303907722962487,0.343697834809809,0.121609177422783,-0.327196620276351,0.62824041151811
"SPP1",75,"cytokine",1.83e-12,62,0.411664948011186,0.361930853915773,0.027472010226058,1.81035511002536,0.0351203679488132
"TGFB1",14,"growth factor",2.35e-81,473,0.404982279620478,0.359985493038653,0.00758879200526786,5.92937407568818,1.5204580519091e-09
"TGFB2",70,"growth factor",5.73e-13,56,0.417288477696345,0.356930089360176,0.0260476266085078,2.31723178634841,0.010245554439515
"TGFB3",116,"growth factor",7.86e-06,30,0.445049475227236,0.359407330671671,0.0363117987223937,2.35852113001355,0.00917395760275368
"THPO",68,"cytokine",3.31e-13,38,0.537266195637325,0.361071647756052,0.0341012334025261,5.16680865473392,1.19062409757426e-07
"TIMP1",91,"cytokine",5.08e-10,22,0.532660760491852,0.362853510419834,0.0445075927024477,3.8152422937644,6.80246874830387e-05
"TNF",3,"cytokine",2.79e-181,648,0.426178326584188,0.359532429171679,0.00581755620092895,11.4559954576575,1.09713848304381e-30
"TNFRSF11B",100,"transmembrane receptor",1.39e-07,16,0.382441220349172,0.364716080491988,0.0514683126536765,0.344389371698556,0.365276740369732
"TNFSF10",28,"cytokine",8.05e-43,79,0.440582576684755,0.358927723902693,0.0231333401797048,3.52974763470166,0.000207978115394879
"TNFSF11",29,"cytokine",8.53e-41,110,0.488412769043026,0.358058749476484,0.0192050487317828,6.78748705025763,5.70517486281612e-12
"TNFSF12",78,"cytokine",1.83e-11,41,0.435443798686829,0.357364492317116,0.0312190899816297,2.50101160590066,0.00619195599960317
"TNFSF13",154,"cytokine",0.0401,8,0.490553550472616,0.358295585469424,0.0781911237419391,1.69147031880107,0.0453735059829364
"TNFSF13B",32,"cytokine",1.14e-30,68,0.490365902914076,0.358633811161296,0.0248073033289947,5.31021409323487,5.47482656587641e-08
"TNFSF14",54,"cytokine",5.52e-17,26,0.506246593128135,0.354722706162512,0.0382446446376704,3.96196352198223,3.7167949784759e-05
"TNFSF15",63,"cytokine",5.34e-14,27,0.510922586793763,0.352573742170901,0.0425676901869858,3.71993039620632,9.96388444421859e-05
"TNFSF18",126,"cytokine",0.000563,6,0.603522262906083,0.377902301681026,0.092483599074943,2.43956726902711,0.0073524323099267
"TNFSF4",94,"cytokine",1.49e-09,16,0.409969530606393,0.364716080491988,0.0514683126536765,0.879248760667753,0.189633205702263
"TNFSF9",57,"cytokine",3.78e-16,25,0.438151571803752,0.359323444446249,0.0438350280491658,1.79829079313213,0.0360654689925489
"TSLP",60,"cytokine",8.97e-15,32,0.497532290306644,0.364328288202653,0.0369021503232275,3.6096542054393,0.000153302730323914
"VEGFA",35,"growth factor",3.76e-25,95,0.456213103997624,0.36061630428267,0.0206981961247613,4.61860536728566,1.9316389627266e-06
"WNT1",141,"cytokine",0.0112,23,0.362022674632735,0.356973200449334,0.0416199244359115,0.121323482727043,0.451717410437997
"WNT2B",139,"other",0.00855,4,0.460849406520301,0.343697834809809,0.121609177422783,0.963344824734787,0.167687252743485
"WNT3A",102,"cytokine",1.99e-07,66,0.382873260571726,0.357637393876954,0.0246096604927686,1.02544554412637,0.152576503857673
"WNT5A",56,"growth factor",2.96e-16,65,0.444195224572153,0.362449516666523,0.0285453544234261,2.86371318754917,0.00209353474313705
"XCL1",134,"cytokine",0.00245,4,0.560451632150788,0.343697834809809,0.121609177422783,1.78238026055731,0.037343621132062
