Id	Label	Class	FDR_log
ADIPOQ	ADIPOQ	cytokine	11.906578314837764
CCL20	CCL20	cytokine	12.161780778092375
CCL3	CCL3	cytokine	12.3767507096021
CD40LG	CD40LG	cytokine	107.06803388527183
CSF1	CSF1	cytokine	92.85078088734463
CSF2	CSF2	cytokine	79.95078197732983
CSF3	CSF3	cytokine	35.85387196432176
CXCL12	CXCL12	cytokine	18.497572880015568
EDN1	EDN1	cytokine	16.602059991327963
FGF2	FGF2	cytokine	9.987162775294827
FLT3LG	FLT3LG	cytokine	19.560667306169737
GRN	GRN	cytokine	25.7594507517174
HMGB1	HMGB1	cytokine	24.010995384301463
IFNA10	IFNA10	cytokine	9.705533773838408
IFNA17	IFNA17	cytokine	9.434152181326482
IFNA2	IFNA2	cytokine	99.29499204066667
IFNA4	IFNA4	cytokine	12.795880017344075
IFNB1	IFNB1	cytokine	51.350665141287855
IFNE	IFNE	cytokine	21.48678239993206
IFNG	IFNG	cytokine	219.09908693226234
IFNK	IFNK	cytokine	13.40340290437354
IFNL1	IFNL1	cytokine	63.59516628338006
IFNL4	IFNL4	cytokine	12.508638306165727
IFNW1	IFNW1	cytokine	9.356547323513812
IL10	IL10	cytokine	98.31695296176115
IL12A	IL12A	cytokine	23.33161408331
IL13	IL13	cytokine	57.1518108830086
IL15	IL15	cytokine	103.39794000867204
IL17F	IL17F	cytokine	39.25103713874384
IL18	IL18	cytokine	57.832682665251824
IL1A	IL1A	cytokine	69.0467236633327
IL1B	IL1B	cytokine	121.71896663275227
IL1RN	IL1RN	cytokine	46.769551078621724
IL2	IL2	cytokine	125.040481623027
IL21	IL21	cytokine	63.131355561605176
IL24	IL24	cytokine	16.241088107602028
IL27	IL27	cytokine	110.7619538968712
IL3	IL3	cytokine	48.94309514866353
IL31	IL31	cytokine	3.040005161671584
IL32	IL32	cytokine	19.292429823902065
IL33	IL33	cytokine	84.23732143627257
IL36G	IL36G	cytokine	23.723538195826755
IL4	IL4	cytokine	184.89962945488244
IL5	IL5	cytokine	53.58670023591875
IL6	IL6	cytokine	82.37778597703371
IL7	IL7	cytokine	51.694648630553374
KITLG	KITLG	cytokine	23.175223537524456
PF4	PF4	cytokine	22.482804102050025
TGFB1	TGFB1	cytokine	80.62893213772827
THPO	THPO	cytokine	12.480172006224281
TIMP1	TIMP1	cytokine	9.29413628771608
TNF	TNF	cytokine	180.5543957967264
TNFSF10	TNFSF10	cytokine	42.09420411963213
TNFSF11	TNFSF11	cytokine	40.06905096883248
TNFSF13B	TNFSF13B	cytokine	29.943095148663527
TNFSF14	TNFSF14	cytokine	16.2580609222708
TNFSF15	TNFSF15	cytokine	13.272458742971443
TSLP	TSLP	cytokine	14.047207556955907
VEGFA	VEGFA	cytokine	24.42481215507234
ACSL5	ACSL5	target	1
BAX	BAX	target	1
BCL3	BCL3	target	1
CCL2	CCL2	target	1
CCL5	CCL5	target	1
CD163	CD163	target	1
CDKN1A	CDKN1A	target	1
CDKN2A	CDKN2A	target	1
CMKLR1	CMKLR1	target	1
CXCL1	CXCL1	target	1
CXCL10	CXCL10	target	1
CXCL11	CXCL11	target	1
CXCL3	CXCL3	target	1
CXCL8	CXCL8	target	1
CXCL9	CXCL9	target	1
CYBA	CYBA	target	1
CYBB	CYBB	target	1
CYP19A1	CYP19A1	target	1
FOXP3	FOXP3	target	1
FZD2	FZD2	target	1
GK	GK	target	1
GPI	GPI	target	1
HBEGF	HBEGF	target	1
ICAM1	ICAM1	target	1
IL12B	IL12B	target	1
IL17A	IL17A	target	1
IL4R	IL4R	target	1
ITGA4	ITGA4	target	1
KLRK1	KLRK1	target	1
LDLR	LDLR	target	1
MMP1	MMP1	target	1
MMP13	MMP13	target	1
MMP3	MMP3	target	1
MMP9	MMP9	target	1
MSR1	MSR1	target	1
NCF1	NCF1	target	1
NCF2	NCF2	target	1
NCF4	NCF4	target	1
NFKBIA	NFKBIA	target	1
NOS2	NOS2	target	1
PGAM1	PGAM1	target	1
PTGS2	PTGS2	target	1
RUNX2	RUNX2	target	1
SIGLEC10	SIGLEC10	target	1
SLC27A2	SLC27A2	target	1
SLC2A3	SLC2A3	target	1
SOCS3	SOCS3	target	1
SOD2	SOD2	target	1
SPI1	SPI1	target	1
STAT3	STAT3	target	1
TNFAIP3	TNFAIP3	target	1
TNIP3	TNIP3	target	1
TRAF1	TRAF1	target	1
UCP2	UCP2	target	1
VCAM1	VCAM1	target	1
VEGFC	VEGFC	target	1
WNT1	WNT1	target	1
C3	C3	target	1
C3AR1	C3AR1	target	1
CASP1	CASP1	target	1
CCR2	CCR2	target	1
CLEC7A	CLEC7A	target	1
FCER1G	FCER1G	target	1
FCGR1A	FCGR1A	target	1
HAVCR2	HAVCR2	target	1
ITGAM	ITGAM	target	1
NLRC4	NLRC4	target	1
NLRP3	NLRP3	target	1
OLR1	OLR1	target	1
PIK3CG	PIK3CG	target	1
PLA2G7	PLA2G7	target	1
PLD4	PLD4	target	1
SYK	SYK	target	1
TLR4	TLR4	target	1
ZC3H12A	ZC3H12A	target	1
APOBEC3G	APOBEC3G	target	1
CCL4	CCL4	target	1
CCR1	CCR1	target	1
CCR5	CCR5	target	1
ITGA5	ITGA5	target	1
SELE	SELE	target	1
STAT1	STAT1	target	1
ANXA6	ANXA6	target	1
ARSB	ARSB	target	1
ASCC3	ASCC3	target	1
ATF3	ATF3	target	1
ATF5	ATF5	target	1
B2M	B2M	target	1
BAK1	BAK1	target	1
BATF	BATF	target	1
BATF3	BATF3	target	1
BCL2A1	BCL2A1	target	1
BIRC3	BIRC3	target	1
CA2	CA2	target	1
CCL17	CCL17	target	1
CCL18	CCL18	target	1
CCL19	CCL19	target	1
CCL22	CCL22	target	1
CCND3	CCND3	target	1
CCR7	CCR7	target	1
CD1C	CD1C	target	1
CD1D	CD1D	target	1
CD27	CD27	target	1
CD38	CD38	target	1
CD40	CD40	target	1
CD63	CD63	target	1
CD69	CD69	target	1
CD80	CD80	target	1
CD83	CD83	target	1
CD86	CD86	target	1
CD8A	CD8A	target	1
CDC25B	CDC25B	target	1
CELF2	CELF2	target	1
CFLAR	CFLAR	target	1
CFP	CFP	target	1
CIITA	CIITA	target	1
CLU	CLU	target	1
CSF2RA	CSF2RA	target	1
CTSC	CTSC	target	1
CXCL2	CXCL2	target	1
CXCL5	CXCL5	target	1
CXCR3	CXCR3	target	1
CXCR4	CXCR4	target	1
CYTIP	CYTIP	target	1
DAPP1	DAPP1	target	1
DUSP5	DUSP5	target	1
EBI3	EBI3	target	1
EGR4	EGR4	target	1
EIF2AK2	EIF2AK2	target	1
FAS	FAS	target	1
FASLG	FASLG	target	1
FCER2	FCER2	target	1
FCGR2B	FCGR2B	target	1
FLT1	FLT1	target	1
FSCN1	FSCN1	target	1
G0S2	G0S2	target	1
GCH1	GCH1	target	1
GPR183	GPR183	target	1
GZMB	GZMB	target	1
HIF1A	HIF1A	target	1
HK2	HK2	target	1
HLA-DQA1	HLA-DQA1	target	1
HLA-DQA2	HLA-DQA2	target	1
HLA-DRB4	HLA-DRB4	target	1
HSP90AA1	HSP90AA1	target	1
IDO1	IDO1	target	1
IDO2	IDO2	target	1
IFI44	IFI44	target	1
IFI6	IFI6	target	1
IFIT1	IFIT1	target	1
IFIT2	IFIT2	target	1
IFIT3	IFIT3	target	1
IFITM1	IFITM1	target	1
IGHG1	IGHG1	target	1
IGHG3	IGHG3	target	1
IL10RA	IL10RA	target	1
IL12RB1	IL12RB1	target	1
IL13RA1	IL13RA1	target	1
IL21R	IL21R	target	1
IL2RA	IL2RA	target	1
IL2RB	IL2RB	target	1
IL36A	IL36A	target	1
IL3RA	IL3RA	target	1
IL7R	IL7R	target	1
INHBA	INHBA	target	1
IRF1	IRF1	target	1
IRF2	IRF2	target	1
IRF4	IRF4	target	1
ISG15	ISG15	target	1
ITGB2	ITGB2	target	1
ITGB7	ITGB7	target	1
JAK2	JAK2	target	1
JUNB	JUNB	target	1
KIF2A	KIF2A	target	1
LAMP3	LAMP3	target	1
LIG4	LIG4	target	1
LTA	LTA	target	1
LTB	LTB	target	1
LYL1	LYL1	target	1
MARCKS	MARCKS	target	1
MARCKSL1	MARCKSL1	target	1
MCL1	MCL1	target	1
MT1E	MT1E	target	1
MT1G	MT1G	target	1
MT2A	MT2A	target	1
MX1	MX1	target	1
NAMPT	NAMPT	target	1
NEFH	NEFH	target	1
NFKB1	NFKB1	target	1
NFKB2	NFKB2	target	1
NFKBIB	NFKBIB	target	1
NFKBIE	NFKBIE	target	1
NINJ1	NINJ1	target	1
NR4A3	NR4A3	target	1
PALM2AKAP2	PALM2AKAP2	target	1
PIM1	PIM1	target	1
PLAU	PLAU	target	1
PLAUR	PLAUR	target	1
PLEK	PLEK	target	1
PMAIP1	PMAIP1	target	1
PML	PML	target	1
PSMA2	PSMA2	target	1
PSMB10	PSMB10	target	1
PSMB8	PSMB8	target	1
PSMB9	PSMB9	target	1
PSME1	PSME1	target	1
PSME2	PSME2	target	1
PTPN1	PTPN1	target	1
PTPN7	PTPN7	target	1
RASSF2	RASSF2	target	1
RB1	RB1	target	1
RELB	RELB	target	1
RGS1	RGS1	target	1
RUNX3	RUNX3	target	1
SAMSN1	SAMSN1	target	1
SELL	SELL	target	1
SELP	SELP	target	1
SELPLG	SELPLG	target	1
SEMA4D	SEMA4D	target	1
SERPINE1	SERPINE1	target	1
SLAMF1	SLAMF1	target	1
SOCS1	SOCS1	target	1
STAT4	STAT4	target	1
STAT5A	STAT5A	target	1
STK4	STK4	target	1
TANK	TANK	target	1
TAP1	TAP1	target	1
TAP2	TAP2	target	1
TFRC	TFRC	target	1
TGM2	TGM2	target	1
TICAM1	TICAM1	target	1
TNFAIP2	TNFAIP2	target	1
TNFAIP6	TNFAIP6	target	1
TNFRSF11B	TNFRSF11B	target	1
TNFRSF13B	TNFRSF13B	target	1
TNFSF8	TNFSF8	target	1
TNIP1	TNIP1	target	1
TRADD	TRADD	target	1
TRAF2	TRAF2	target	1
TRAF3	TRAF3	target	1
TUBB	TUBB	target	1
TYMP	TYMP	target	1
UBD	UBD	target	1
ZAP70	ZAP70	target	1
ADGRE1	ADGRE1	target	1
ADGRE5	ADGRE5	target	1
ALOX5	ALOX5	target	1
APOL6	APOL6	target	1
BCL2L11	BCL2L11	target	1
BHLHE40	BHLHE40	target	1
BST2	BST2	target	1
C5AR1	C5AR1	target	1
CCND2	CCND2	target	1
CD209	CD209	target	1
CD274	CD274	target	1
CD68	CD68	target	1
CD74	CD74	target	1
CIMAP1B	CIMAP1B	target	1
CMPK2	CMPK2	target	1
CMTR1	CMTR1	target	1
CSF1R	CSF1R	target	1
CTSH	CTSH	target	1
DDX60	DDX60	target	1
DDX60L	DDX60L	target	1
DHX58	DHX58	target	1
DOK2	DOK2	target	1
DTX3L	DTX3L	target	1
ENO1	ENO1	target	1
FCGR2A	FCGR2A	target	1
FCGR3A	FCGR3A	target	1
FERMT3	FERMT3	target	1
GAB3	GAB3	target	1
GBP1	GBP1	target	1
GLS	GLS	target	1
GPR68	GPR68	target	1
GRAP2	GRAP2	target	1
HELZ2	HELZ2	target	1
HERC5	HERC5	target	1
HLA-A	HLA-A	target	1
HSP90B1	HSP90B1	target	1
HSPA5	HSPA5	target	1
IFI16	IFI16	target	1
IFI35	IFI35	target	1
IFI44L	IFI44L	target	1
IFIH1	IFIH1	target	1
IFIT5	IFIT5	target	1
IKBKE	IKBKE	target	1
IL18BP	IL18BP	target	1
IL1RL1	IL1RL1	target	1
IL23A	IL23A	target	1
IRF5	IRF5	target	1
IRF7	IRF7	target	1
IRF8	IRF8	target	1
IRF9	IRF9	target	1
ITGAX	ITGAX	target	1
ITGB3	ITGB3	target	1
LAG3	LAG3	target	1
LAP3	LAP3	target	1
LDHA	LDHA	target	1
LGALS3BP	LGALS3BP	target	1
LGALS9	LGALS9	target	1
LY6E	LY6E	target	1
MMP12	MMP12	target	1
MPO	MPO	target	1
MRC1	MRC1	target	1
MX2	MX2	target	1
MYD88	MYD88	target	1
NBN	NBN	target	1
OAS1	OAS1	target	1
OAS2	OAS2	target	1
OAS3	OAS3	target	1
OASL	OASL	target	1
OGFR	OGFR	target	1
OSCAR	OSCAR	target	1
P2RY12	P2RY12	target	1
PARP10	PARP10	target	1
PARP14	PARP14	target	1
PARP9	PARP9	target	1
PHF11	PHF11	target	1
PKM	PKM	target	1
PLSCR1	PLSCR1	target	1
PTPRC	PTPRC	target	1
PTPRJ	PTPRJ	target	1
RIGI	RIGI	target	1
RSAD2	RSAD2	target	1
RUNX1	RUNX1	target	1
SAMD9	SAMD9	target	1
SAMD9L	SAMD9L	target	1
SAMHD1	SAMHD1	target	1
SERPINE2	SERPINE2	target	1
SHISA5	SHISA5	target	1
SIGLEC1	SIGLEC1	target	1
SLC16A3	SLC16A3	target	1
SLCO2B1	SLCO2B1	target	1
SOCS2	SOCS2	target	1
SP110	SP110	target	1
SPP1	SPP1	target	1
STAT2	STAT2	target	1
TDO2	TDO2	target	1
THBS1	THBS1	target	1
TLR1	TLR1	target	1
TLR2	TLR2	target	1
TLR6	TLR6	target	1
TLR9	TLR9	target	1
TNFRSF1B	TNFRSF1B	target	1
TPI1	TPI1	target	1
TRANK1	TRANK1	target	1
TRIM14	TRIM14	target	1
TRIM21	TRIM21	target	1
TRIM22	TRIM22	target	1
TRIM25	TRIM25	target	1
TRIM5	TRIM5	target	1
UBE2L6	UBE2L6	target	1
USP18	USP18	target	1
XAF1	XAF1	target	1
ZNFX1	ZNFX1	target	1
ADAM8	ADAM8	target	1
AKR1A1	AKR1A1	target	1
ALOX5AP	ALOX5AP	target	1
ANXA1	ANXA1	target	1
BID	BID	target	1
CARD11	CARD11	target	1
CARD16	CARD16	target	1
CARD6	CARD6	target	1
CASP3	CASP3	target	1
CCL25	CCL25	target	1
CCRL2	CCRL2	target	1
CD14	CD14	target	1
CD180	CD180	target	1
CD1B	CD1B	target	1
CD28	CD28	target	1
CD33	CD33	target	1
CD5	CD5	target	1
CEACAM1	CEACAM1	target	1
CHST11	CHST11	target	1
CISH	CISH	target	1
CLEC4C	CLEC4C	target	1
CLEC4E	CLEC4E	target	1
CSF2RB	CSF2RB	target	1
CTLA4	CTLA4	target	1
DUSP6	DUSP6	target	1
FFAR2	FFAR2	target	1
FOSL1	FOSL1	target	1
FPR2	FPR2	target	1
GCLM	GCLM	target	1
GRK3	GRK3	target	1
HAS2	HAS2	target	1
HCAR2	HCAR2	target	1
HCAR3	HCAR3	target	1
HLA-DMA	HLA-DMA	target	1
HLA-DMB	HLA-DMB	target	1
HSPH1	HSPH1	target	1
ICOS	ICOS	target	1
IER3	IER3	target	1
INPP5D	INPP5D	target	1
KLF1	KLF1	target	1
LCP1	LCP1	target	1
LY75	LY75	target	1
LY9	LY9	target	1
LY96	LY96	target	1
MET	MET	target	1
MME	MME	target	1
ODC1	ODC1	target	1
OSM	OSM	target	1
OSMR	OSMR	target	1
PDE1B	PDE1B	target	1
PDE4B	PDE4B	target	1
PIM2	PIM2	target	1
PIM3	PIM3	target	1
PROK2	PROK2	target	1
PTGER2	PTGER2	target	1
PTGER4	PTGER4	target	1
REC8	REC8	target	1
RHOH	RHOH	target	1
RIPK2	RIPK2	target	1
RIPOR2	RIPOR2	target	1
SCIMP	SCIMP	target	1
SERPINB9	SERPINB9	target	1
SLAMF7	SLAMF7	target	1
SLC30A7	SLC30A7	target	1
SNRPD1	SNRPD1	target	1
SPHK1	SPHK1	target	1
TARP	TARP	target	1
TIFA	TIFA	target	1
TNFRSF4	TNFRSF4	target	1
TNFRSF9	TNFRSF9	target	1
TPM4	TPM4	target	1
TREM1	TREM1	target	1
UPP1	UPP1	target	1
ZFP36	ZFP36	target	1
ACTN1	ACTN1	target	1
ARHGDIA	ARHGDIA	target	1
ARPC5	ARPC5	target	1
CD300LF	CD300LF	target	1
CEBPE	CEBPE	target	1
CSF3R	CSF3R	target	1
CXCR2	CXCR2	target	1
ENPP2	ENPP2	target	1
ERAP2	ERAP2	target	1
ETS1	ETS1	target	1
FLOT1	FLOT1	target	1
FPR1	FPR1	target	1
GADD45B	GADD45B	target	1
GFI1	GFI1	target	1
GNLY	GNLY	target	1
GZMH	GZMH	target	1
HLA-DPA1	HLA-DPA1	target	1
HLA-DRA	HLA-DRA	target	1
HLA-DRB1	HLA-DRB1	target	1
JAK3	JAK3	target	1
KLRC1	KLRC1	target	1
KLRC2	KLRC2	target	1
LBP	LBP	target	1
LCN2	LCN2	target	1
LTF	LTF	target	1
NFIL3	NFIL3	target	1
PDCD1LG2	PDCD1LG2	target	1
PLCB2	PLCB2	target	1
PRKCB	PRKCB	target	1
PYHIN1	PYHIN1	target	1
RAB27A	RAB27A	target	1
TLR8	TLR8	target	1
AIF1	AIF1	target	1
ARPC4	ARPC4	target	1
CCL1	CCL1	target	1
CD3G	CD3G	target	1
CD4	CD4	target	1
CD47	CD47	target	1
CX3CL1	CX3CL1	target	1
CXCR6	CXCR6	target	1
CYLD	CYLD	target	1
GAD1	GAD1	target	1
HCLS1	HCLS1	target	1
HLA-B	HLA-B	target	1
IFI27	IFI27	target	1
IFNAR2	IFNAR2	target	1
IFNGR2	IFNGR2	target	1
ITGAL	ITGAL	target	1
LCP2	LCP2	target	1
PRKCD	PRKCD	target	1
SAA2	SAA2	target	1
SNAI1	SNAI1	target	1
TNFRSF10A	TNFRSF10A	target	1
TNFRSF10B	TNFRSF10B	target	1
TNFRSF10C	TNFRSF10C	target	1
ACTB	ACTB	target	1
ADAM12	ADAM12	target	1
ADAM19	ADAM19	target	1
AREG	AREG	target	1
CCN1	CCN1	target	1
COL4A1	COL4A1	target	1
HAND1	HAND1	target	1
HSPA8	HSPA8	target	1
MSN	MSN	target	1
MYH7	MYH7	target	1
MYL6	MYL6	target	1
MYO9B	MYO9B	target	1
PDIA6	PDIA6	target	1
PRL	PRL	target	1
RETN	RETN	target	1
SLC8A1	SLC8A1	target	1
TNC	TNC	target	1
TPM3	TPM3	target	1
ACTC1	ACTC1	target	1
ACVRL1	ACVRL1	target	1
ADM	ADM	target	1
ANGPTL4	ANGPTL4	target	1
ANPEP	ANPEP	target	1
CNP	CNP	target	1
CTSL	CTSL	target	1
ELAVL4	ELAVL4	target	1
EOMES	EOMES	target	1
FTH1	FTH1	target	1
LEF1	LEF1	target	1
NES	NES	target	1
NEUROG3	NEUROG3	target	1
PGF	PGF	target	1
PGK1	PGK1	target	1
PTPRE	PTPRE	target	1
S100A10	S100A10	target	1
S100A8	S100A8	target	1
SCG2	SCG2	target	1
SLC20A1	SLC20A1	target	1
SLC41A2	SLC41A2	target	1
ST3GAL1	ST3GAL1	target	1
STOM	STOM	target	1
TMSB10	TMSB10	target	1
TNFRSF12A	TNFRSF12A	target	1
UTF1	UTF1	target	1
YWHAH	YWHAH	target	1
ZFP57	ZFP57	target	1
CD19	CD19	target	1
CD3D	CD3D	target	1
CD79A	CD79A	target	1
FLT3	FLT3	target	1
IL15RA	IL15RA	target	1
PAX5	PAX5	target	1
SLC12A3	SLC12A3	target	1
SPN	SPN	target	1
ATP6V1B2	ATP6V1B2	target	1
C1QA	C1QA	target	1
C1QB	C1QB	target	1
C1QC	C1QC	target	1
CD300A	CD300A	target	1
CD84	CD84	target	1
CDC7	CDC7	target	1
CH25H	CH25H	target	1
CST7	CST7	target	1
CTSB	CTSB	target	1
CTSS	CTSS	target	1
CTSZ	CTSZ	target	1
DOK3	DOK3	target	1
MS4A6A	MS4A6A	target	1
NCEH1	NCEH1	target	1
NPC2	NPC2	target	1
PSMA5	PSMA5	target	1
SIRPA	SIRPA	target	1
SLC32A1	SLC32A1	target	1
TYROBP	TYROBP	target	1
XPNPEP1	XPNPEP1	target	1
AGER	AGER	target	1
GLUL	GLUL	target	1
HLA-G	HLA-G	target	1
PLA2G2A	PLA2G2A	target	1
PTGES	PTGES	target	1
RAB43	RAB43	target	1
SMAD7	SMAD7	target	1
CCL8	CCL8	target	1
PLAAT4	PLAAT4	target	1
ZBP1	ZBP1	target	1
BCL2L14	BCL2L14	target	1
C1R	C1R	target	1
CXCL13	CXCL13	target	1
EPB41L3	EPB41L3	target	1
GBP2	GBP2	target	1
GBP4	GBP4	target	1
HERC6	HERC6	target	1
HLA-C	HLA-C	target	1
HLA-E	HLA-E	target	1
HSH2D	HSH2D	target	1
HSPA6	HSPA6	target	1
IFI27L2	IFI27L2	target	1
IFITM2	IFITM2	target	1
IFITM3	IFITM3	target	1
IL10RB	IL10RB	target	1
IL12RB2	IL12RB2	target	1
ISG20	ISG20	target	1
KCNK17	KCNK17	target	1
LILRB2	LILRB2	target	1
LILRB4	LILRB4	target	1
LYN	LYN	target	1
MT1F	MT1F	target	1
MT1M	MT1M	target	1
NT5E	NT5E	target	1
PARP12	PARP12	target	1
PARP4	PARP4	target	1
PLSCR2	PLSCR2	target	1
PTAFR	PTAFR	target	1
SEPTIN4	SEPTIN4	target	1
SH2D1A	SH2D1A	target	1
SHFL	SHFL	target	1
SLC15A3	SLC15A3	target	1
SLFN11	SLFN11	target	1
SLFN12	SLFN12	target	1
SLFN12L	SLFN12L	target	1
SLFN13	SLFN13	target	1
SLFN5	SLFN5	target	1
SP100	SP100	target	1
TBX21	TBX21	target	1
TDRD7	TDRD7	target	1
THEMIS2	THEMIS2	target	1
TLR3	TLR3	target	1
UBA7	UBA7	target	1
ZC3HAV1	ZC3HAV1	target	1
JAML	JAML	target	1
PIK3AP1	PIK3AP1	target	1
TREML2	TREML2	target	1
ACOD1	ACOD1	target	1
APOL1	APOL1	target	1
APOL2	APOL2	target	1
APOL3	APOL3	target	1
BTN3A3	BTN3A3	target	1
CASP8	CASP8	target	1
CCL7	CCL7	target	1
CREM	CREM	target	1
DAXX	DAXX	target	1
NMI	NMI	target	1
NNMT	NNMT	target	1
NOCT	NOCT	target	1
NOD1	NOD1	target	1
NOD2	NOD2	target	1
NT5C3A	NT5C3A	target	1
NUB1	NUB1	target	1
PDCD1	PDCD1	target	1
RND3	RND3	target	1
SIDT1	SIDT1	target	1
SLC39A14	SLC39A14	target	1
STARD4	STARD4	target	1
TLR7	TLR7	target	1
TRIM38	TRIM38	target	1
HSD11B1	HSD11B1	target	1
ACE2	ACE2	target	1
ADA2	ADA2	target	1
ADAMTS8	ADAMTS8	target	1
ADAMTS9	ADAMTS9	target	1
ADCY7	ADCY7	target	1
ADGRG2	ADGRG2	target	1
ADORA2A	ADORA2A	target	1
AIM2	AIM2	target	1
ALDH1A3	ALDH1A3	target	1
ALOX15	ALOX15	target	1
ARFGAP3	ARFGAP3	target	1
ASS1	ASS1	target	1
ATG3	ATG3	target	1
BACH1	BACH1	target	1
BATF2	BATF2	target	1
BRCA2	BRCA2	target	1
BTN3A1	BTN3A1	target	1
BTN3A2	BTN3A2	target	1
C15orf48	C15orf48	target	1
C2	C2	target	1
C4A	C4A	target	1
CALCA	CALCA	target	1
CALHM6	CALHM6	target	1
CAMK4	CAMK4	target	1
CASP10	CASP10	target	1
CASP4	CASP4	target	1
CASP5	CASP5	target	1
CASP7	CASP7	target	1
CCL11	CCL11	target	1
CCL13	CCL13	target	1
CCL26	CCL26	target	1
CCNA1	CCNA1	target	1
CCR3	CCR3	target	1
CCR4	CCR4	target	1
CCR6	CCR6	target	1
CD2	CD2	target	1
CD72	CD72	target	1
CFB	CFB	target	1
CGAS	CGAS	target	1
CHI3L2	CHI3L2	target	1
CLEC2D	CLEC2D	target	1
CLEC5A	CLEC5A	target	1
CORO1A	CORO1A	target	1
CSK	CSK	target	1
CXCL16	CXCL16	target	1
CXCL17	CXCL17	target	1
CXCL6	CXCL6	target	1
CYRIA	CYRIA	target	1
CYSLTR2	CYSLTR2	target	1
DDIT4	DDIT4	target	1
DEFB103B	DEFB103B	target	1
DEFB4A	DEFB4A	target	1
DEPP1	DEPP1	target	1
DNASE1L3	DNASE1L3	target	1
DOK1	DOK1	target	1
EIF2S2	EIF2S2	target	1
EIF4EBP1	EIF4EBP1	target	1
ERAP1	ERAP1	target	1
ETV7	ETV7	target	1
FBP1	FBP1	target	1
FCN1	FCN1	target	1
FGL2	FGL2	target	1
FKBP1A	FKBP1A	target	1
FMNL2	FMNL2	target	1
GART	GART	target	1
GBP3	GBP3	target	1
GBP5	GBP5	target	1
GGT5	GGT5	target	1
GJA5	GJA5	target	1
GLIPR2	GLIPR2	target	1
GNA13	GNA13	target	1
GNA14	GNA14	target	1
GNAI2	GNAI2	target	1
GPR19	GPR19	target	1
GPX1	GPX1	target	1
GSDMC	GSDMC	target	1
GSDMD	GSDMD	target	1
HCK	HCK	target	1
HLA-DOA	HLA-DOA	target	1
HLA-DOB	HLA-DOB	target	1
HLA-DQB1	HLA-DQB1	target	1
HLA-F	HLA-F	target	1
HP	HP	target	1
IFI30	IFI30	target	1
IGHM	IGHM	target	1
IL17RA	IL17RA	target	1
IL18R1	IL18R1	target	1
IL18RAP	IL18RAP	target	1
IL25	IL25	target	1
IL31RA	IL31RA	target	1
IL4I1	IL4I1	target	1
IL6R	IL6R	target	1
IL9	IL9	target	1
INSRR	INSRR	target	1
IRAK2	IRAK2	target	1
KARS1	KARS1	target	1
KLF6	KLF6	target	1
KLRG1	KLRG1	target	1
KMO	KMO	target	1
KRT17	KRT17	target	1
KYNU	KYNU	target	1
LAT2	LAT2	target	1
LIF	LIF	target	1
LIFR	LIFR	target	1
LILRB1	LILRB1	target	1
LIMK1	LIMK1	target	1
LPIN2	LPIN2	target	1
LRRK2	LRRK2	target	1
LST1	LST1	target	1
MANF	MANF	target	1
MARCHF1	MARCHF1	target	1
MCHR1	MCHR1	target	1
MEFV	MEFV	target	1
MLKL	MLKL	target	1
MMP25	MMP25	target	1
MNDA	MNDA	target	1
MT1A	MT1A	target	1
MTHFD2	MTHFD2	target	1
MUC1	MUC1	target	1
MUC4	MUC4	target	1
NCR3	NCR3	target	1
NEURL3	NEURL3	target	1
NFE2L3	NFE2L3	target	1
NLRC5	NLRC5	target	1
NTRK1	NTRK1	target	1
OPTN	OPTN	target	1
P2RY14	P2RY14	target	1
P2RY6	P2RY6	target	1
PANX1	PANX1	target	1
PARVG	PARVG	target	1
PCSK1	PCSK1	target	1
PDE3B	PDE3B	target	1
PEA15	PEA15	target	1
PIGR	PIGR	target	1
POMP	POMP	target	1
PRAME	PRAME	target	1
PRF1	PRF1	target	1
PRKCQ	PRKCQ	target	1
PSMA4	PSMA4	target	1
PSMA6	PSMA6	target	1
PSMB2	PSMB2	target	1
PTPN6	PTPN6	target	1
PTX3	PTX3	target	1
RAB20	RAB20	target	1
RAC2	RAC2	target	1
RAP2B	RAP2B	target	1
RARRES1	RARRES1	target	1
RBCK1	RBCK1	target	1
RFX5	RFX5	target	1
RNF114	RNF114	target	1
RTP4	RTP4	target	1
S100A7	S100A7	target	1
S100A9	S100A9	target	1
S1PR1	S1PR1	target	1
S1PR2	S1PR2	target	1
S1PR3	S1PR3	target	1
SBNO2	SBNO2	target	1
SERPINA1	SERPINA1	target	1
SERPING1	SERPING1	target	1
SERPINH1	SERPINH1	target	1
SLC1A3	SLC1A3	target	1
SLC4A4	SLC4A4	target	1
STC2	STC2	target	1
STING1	STING1	target	1
STX11	STX11	target	1
TAPBP	TAPBP	target	1
TAPBPL	TAPBPL	target	1
TBXAS1	TBXAS1	target	1
TCIRG1	TCIRG1	target	1
THY1	THY1	target	1
TMEM140	TMEM140	target	1
TMEM171	TMEM171	target	1
TNFRSF14	TNFRSF14	target	1
TNFSF13	TNFSF13	target	1
TOP1	TOP1	target	1
TRAFD1	TRAFD1	target	1
TSPAN33	TSPAN33	target	1
TXK	TXK	target	1
UBE2D1	UBE2D1	target	1
VRK2	VRK2	target	1
VSNL1	VSNL1	target	1
WARS1	WARS1	target	1
WDFY1	WDFY1	target	1
XCL1	XCL1	target	1
ZYX	ZYX	target	1
IFNL2	IFNL2	target	1
ACP2	ACP2	target	1
CASP8AP2	CASP8AP2	target	1
CCR8	CCR8	target	1
CDKN2D	CDKN2D	target	1
CR1	CR1	target	1
CR1L	CR1L	target	1
GNGT2	GNGT2	target	1
GZMA	GZMA	target	1
IL2RG	IL2RG	target	1
LGMN	LGMN	target	1
NFKBID	NFKBID	target	1
PAK1	PAK1	target	1
PTPN2	PTPN2	target	1
RGS16	RGS16	target	1
VAV1	VAV1	target	1
ADAMDEC1	ADAMDEC1	target	1
ADAMTS4	ADAMTS4	target	1
ADGRE3	ADGRE3	target	1
BLVRA	BLVRA	target	1
BMAL2	BMAL2	target	1
CCL3L3	CCL3L3	target	1
CD247	CD247	target	1
CD37	CD37	target	1
CD3E	CD3E	target	1
CD48	CD48	target	1
CD52	CD52	target	1
CHI3L1	CHI3L1	target	1
CHST2	CHST2	target	1
CLEC4A	CLEC4A	target	1
DMXL2	DMXL2	target	1
DUSP10	DUSP10	target	1
EVL	EVL	target	1
FCRL3	FCRL3	target	1
FGD2	FGD2	target	1
HLA-DRB5	HLA-DRB5	target	1
KCNJ15	KCNJ15	target	1
KRT16	KRT16	target	1
MAP3K7CL	MAP3K7CL	target	1
MATK	MATK	target	1
PFKP	PFKP	target	1
PLA2G2D	PLA2G2D	target	1
PLXNC1	PLXNC1	target	1
RAB33A	RAB33A	target	1
RFTN1	RFTN1	target	1
SERPINB3	SERPINB3	target	1
SERPINB4	SERPINB4	target	1
SLA	SLA	target	1
SLC26A4	SLC26A4	target	1
SLC43A3	SLC43A3	target	1
SLC7A7	SLC7A7	target	1
ST8SIA4	ST8SIA4	target	1
SYNGR2	SYNGR2	target	1
TFEC	TFEC	target	1
TMC6	TMC6	target	1
ARHGDIB	ARHGDIB	target	1
CAMK2D	CAMK2D	target	1
CBLB	CBLB	target	1
CD226	CD226	target	1
CD244	CD244	target	1
CD53	CD53	target	1
CD8B	CD8B	target	1
CD96	CD96	target	1
CTSW	CTSW	target	1
CYP27B1	CYP27B1	target	1
FCRL6	FCRL6	target	1
FYB1	FYB1	target	1
GABPB1	GABPB1	target	1
GALM	GALM	target	1
GAPDH	GAPDH	target	1
GCNT1	GCNT1	target	1
GZMK	GZMK	target	1
H2AC18	H2AC18	target	1
HAT1	HAT1	target	1
HCST	HCST	target	1
HLX	HLX	target	1
HNRNPF	HNRNPF	target	1
HSPE1	HSPE1	target	1
ICAM2	ICAM2	target	1
IL22	IL22	target	1
KIR2DL3	KIR2DL3	target	1
KIR3DL1	KIR3DL1	target	1
KLRB1	KLRB1	target	1
KLRD1	KLRD1	target	1
LAPTM5	LAPTM5	target	1
LAT	LAT	target	1
LCK	LCK	target	1
LSP1	LSP1	target	1
MICB	MICB	target	1
NAGA	NAGA	target	1
NCR1	NCR1	target	1
NKG7	NKG7	target	1
NME1	NME1	target	1
PDIA3	PDIA3	target	1
PDIA4	PDIA4	target	1
PFN1	PFN1	target	1
PGD	PGD	target	1
PNP	PNP	target	1
PTP4A2	PTP4A2	target	1
RAB8A	RAB8A	target	1
RAET1L	RAET1L	target	1
S100A11	S100A11	target	1
SH2D1B	SH2D1B	target	1
SLC16A1	SLC16A1	target	1
SRGN	SRGN	target	1
SYNPO	SYNPO	target	1
TCF7	TCF7	target	1
TIGAR	TIGAR	target	1
TRAV12-3	TRAV12-3	target	1
TRBV30	TRBV30	target	1
ULBP2	ULBP2	target	1
LY75-CD302	LY75-CD302	target	1
TNFRSF8	TNFRSF8	target	1
UTS2	UTS2	target	1
XCL2	XCL2	target	1
GIMAP4	GIMAP4	target	1
GNA15	GNA15	target	1
GZMM	GZMM	target	1
IL22RA2	IL22RA2	target	1
LAIR2	LAIR2	target	1
SERPINB1	SERPINB1	target	1
ADAMTS1	ADAMTS1	target	1
IL20	IL20	target	1
MUC13	MUC13	target	1
OLFM4	OLFM4	target	1
ORM1	ORM1	target	1
PDZK1IP1	PDZK1IP1	target	1
PI3	PI3	target	1
PPP1R16B	PPP1R16B	target	1
RILPL2	RILPL2	target	1
S100A12	S100A12	target	1
S100A7A	S100A7A	target	1
SAA1	SAA1	target	1
SERPINA3	SERPINA3	target	1
SFTPA1	SFTPA1	target	1
SPRR2A	SPRR2A	target	1
SPRR2B	SPRR2B	target	1
SSTR2	SSTR2	target	1
ACHE	ACHE	target	1
ACKR2	ACKR2	target	1
AKIP1	AKIP1	target	1
AKT3	AKT3	target	1
C1QTNF1	C1QTNF1	target	1
CEMIP2	CEMIP2	target	1
CNR2	CNR2	target	1
CRISPLD2	CRISPLD2	target	1
CRP	CRP	target	1
CSRNP1	CSRNP1	target	1
CXCR1	CXCR1	target	1
EGLN2	EGLN2	target	1
EHD1	EHD1	target	1
ENG	ENG	target	1
EPSTI1	EPSTI1	target	1
FUT7	FUT7	target	1
GGT1	GGT1	target	1
HPRT1	HPRT1	target	1
IKZF3	IKZF3	target	1
IL26	IL26	target	1
LRG1	LRG1	target	1
MAPK11	MAPK11	target	1
MAPKAPK2	MAPKAPK2	target	1
MCTP1	MCTP1	target	1
NLRP7	NLRP7	target	1
NUP210	NUP210	target	1
OXTR	OXTR	target	1
PDPN	PDPN	target	1
PI15	PI15	target	1
PIK3CD	PIK3CD	target	1
PLA2G3	PLA2G3	target	1
RAN	RAN	target	1
RASA2	RASA2	target	1
SAA4	SAA4	target	1
SAT1	SAT1	target	1
SERPINF2	SERPINF2	target	1
SLC25A25	SLC25A25	target	1
SLC2A6	SLC2A6	target	1
SLC4A10	SLC4A10	target	1
SUCNR1	SUCNR1	target	1
TCIM	TCIM	target	1
TICAM2	TICAM2	target	1
TLNRD1	TLNRD1	target	1
TMEM132A	TMEM132A	target	1
TMEM176B	TMEM176B	target	1
UAP1	UAP1	target	1
VASP	VASP	target	1
XDH	XDH	target	1
ACSL6	ACSL6	target	1
ARHGAP25	ARHGAP25	target	1
ARHGEF2	ARHGEF2	target	1
ARHGEF3	ARHGEF3	target	1
CARD9	CARD9	target	1
CTPS1	CTPS1	target	1
CXCR5	CXCR5	target	1
CYTH4	CYTH4	target	1
DDX21	DDX21	target	1
DENND2D	DENND2D	target	1
FCMR	FCMR	target	1
HEATR9	HEATR9	target	1
HHEX	HHEX	target	1
HVCN1	HVCN1	target	1
IL27RA	IL27RA	target	1
IRAG2	IRAG2	target	1
ITK	ITK	target	1
KIR2DL1	KIR2DL1	target	1
KIR2DL2	KIR2DL2	target	1
KIR2DL4	KIR2DL4	target	1
KLRF1	KLRF1	target	1
NETO2	NETO2	target	1
NOP2	NOP2	target	1
PHLDA2	PHLDA2	target	1
PLAC8	PLAC8	target	1
POLR3K	POLR3K	target	1
PTGIR	PTGIR	target	1
RCN1	RCN1	target	1
RNF157	RNF157	target	1
SIPA1	SIPA1	target	1
SIRPG	SIRPG	target	1
SRM	SRM	target	1
STIP1	STIP1	target	1
STK17A	STK17A	target	1
STK17B	STK17B	target	1
TIGIT	TIGIT	target	1
TNFAIP8	TNFAIP8	target	1
TRDV1	TRDV1	target	1
IGHG2	IGHG2	target	1
ADAR	ADAR	target	1
APOBEC3F	APOBEC3F	target	1
CKLF	CKLF	target	1
NRP2	NRP2	target	1
TNFSF18	TNFSF18	target	1
ARHGEF1	ARHGEF1	target	1
CALR	CALR	target	1
CCT5	CCT5	target	1
EMP3	EMP3	target	1
GP5	GP5	target	1
JCHAIN	JCHAIN	target	1
MAN2B1	MAN2B1	target	1
PSMB3	PSMB3	target	1
PSMC4	PSMC4	target	1
PTPN22	PTPN22	target	1
TARS1	TARS1	target	1
DCSTAMP	DCSTAMP	target	1
ARHGAP30	ARHGAP30	target	1
ARHGAP9	ARHGAP9	target	1
ATP10A	ATP10A	target	1
ATP5F1E	ATP5F1E	target	1
ATP8B4	ATP8B4	target	1
DOCK2	DOCK2	target	1
ELMO1	ELMO1	target	1
FAR1	FAR1	target	1
FGR	FGR	target	1
GPR65	GPR65	target	1
ITIH1	ITIH1	target	1
MCEMP1	MCEMP1	target	1
MILR1	MILR1	target	1
NABP1	NABP1	target	1
PIK3R5	PIK3R5	target	1
PILRA	PILRA	target	1
POU2F2	POU2F2	target	1
RAPGEF1	RAPGEF1	target	1
RASGRP1	RASGRP1	target	1
RASSF4	RASSF4	target	1
RGS10	RGS10	target	1
ST3GAL5	ST3GAL5	target	1
TIFAB	TIFAB	target	1
TRPV2	TRPV2	target	1
TUBB6	TUBB6	target	1
VASH1	VASH1	target	1
VMP1	VMP1	target	1
ACSL4	ACSL4	target	1
ACTG1	ACTG1	target	1
ADAP1	ADAP1	target	1
ALAS1	ALAS1	target	1
ARID5A	ARID5A	target	1
BANF1	BANF1	target	1
CD200	CD200	target	1
CD6	CD6	target	1
CD79B	CD79B	target	1
CKAP4	CKAP4	target	1
CLEC4G	CLEC4G	target	1
CRLF2	CRLF2	target	1
CYTH1	CYTH1	target	1
DENND4A	DENND4A	target	1
DOCK10	DOCK10	target	1
EFHD2	EFHD2	target	1
EIF4A1	EIF4A1	target	1
EPOP	EPOP	target	1
FCAR	FCAR	target	1
FLI1	FLI1	target	1
GPR18	GPR18	target	1
GPR84	GPR84	target	1
HMSD	HMSD	target	1
INPP1	INPP1	target	1
KCNAB2	KCNAB2	target	1
LACTB	LACTB	target	1
LGALS2	LGALS2	target	1
LIPG	LIPG	target	1
MOV10	MOV10	target	1
MS4A1	MS4A1	target	1
PREX1	PREX1	target	1
PRSS22	PRSS22	target	1
PSMD13	PSMD13	target	1
PSTPIP1	PSTPIP1	target	1
PTPRCAP	PTPRCAP	target	1
RASGRP3	RASGRP3	target	1
RIPK3	RIPK3	target	1
RNF19B	RNF19B	target	1
RNF213	RNF213	target	1
RRBP1	RRBP1	target	1
SAMD4A	SAMD4A	target	1
SCO2	SCO2	target	1
SDF2L1	SDF2L1	target	1
SEC24A	SEC24A	target	1
SGTB	SGTB	target	1
SNX20	SNX20	target	1
SNX8	SNX8	target	1
SYNGR3	SYNGR3	target	1
SYT11	SYT11	target	1
TMED5	TMED5	target	1
TNIK	TNIK	target	1
TNIP2	TNIP2	target	1
UPK3A	UPK3A	target	1
VPS13C	VPS13C	target	1
WFDC2	WFDC2	target	1
CRELD2	CRELD2	target	1
EAF2	EAF2	target	1
ERO1A	ERO1A	target	1
ITGB6	ITGB6	target	1
LMNB1	LMNB1	target	1
MYADM	MYADM	target	1
PSMB4	PSMB4	target	1
RASGRP2	RASGRP2	target	1
RPN1	RPN1	target	1
SLC39A8	SLC39A8	target	1
SRI	SRI	target	1
ZBTB32	ZBTB32	target	1
ARL4C	ARL4C	target	1
DPP3	DPP3	target	1
GALE	GALE	target	1
ICAM3	ICAM3	target	1
LY86	LY86	target	1
LYZ	LYZ	target	1
RNASE6	RNASE6	target	1
SNX10	SNX10	target	1
SRA1	SRA1	target	1
SRC	SRC	target	1
TLR10	TLR10	target	1
BTLA	BTLA	target	1
DNTT	DNTT	target	1
E2F3	E2F3	target	1
CLEC1B	CLEC1B	target	1
CLIC1	CLIC1	target	1
KPNA2	KPNA2	target	1
N4BP2L1	N4BP2L1	target	1
PARVB	PARVB	target	1
PLCL2	PLCL2	target	1
SLC4A1	SLC4A1	target	1
SNRPG	SNRPG	target	1
TMSB4X	TMSB4X	target	1
WDR1	WDR1	target	1
ABCD1	ABCD1	target	1
ABCF1	ABCF1	target	1
ARHGAP22	ARHGAP22	target	1
ASGR2	ASGR2	target	1
ATP13A3	ATP13A3	target	1
BFAR	BFAR	target	1
C4BPA	C4BPA	target	1
CAP1	CAP1	target	1
CAPNS1	CAPNS1	target	1
CBR3	CBR3	target	1
CFL1	CFL1	target	1
CNN2	CNN2	target	1
COL4A2	COL4A2	target	1
COTL1	COTL1	target	1
CYP21A2	CYP21A2	target	1
DNAJA1	DNAJA1	target	1
DOCK4	DOCK4	target	1
EIF4A3	EIF4A3	target	1
ELF4	ELF4	target	1
EMILIN1	EMILIN1	target	1
FNBP1	FNBP1	target	1
FXYD5	FXYD5	target	1
FZD5	FZD5	target	1
GFPT2	GFPT2	target	1
GTPBP1	GTPBP1	target	1
GYG1	GYG1	target	1
HABP2	HABP2	target	1
HAPLN3	HAPLN3	target	1
HAS3	HAS3	target	1
HKDC1	HKDC1	target	1
HRH2	HRH2	target	1
LASP1	LASP1	target	1
LIPF	LIPF	target	1
LITAF	LITAF	target	1
LSM2	LSM2	target	1
LSM6	LSM6	target	1
ME2	ME2	target	1
MGAT4A	MGAT4A	target	1
MYBL1	MYBL1	target	1
NUP62	NUP62	target	1
PARK7	PARK7	target	1
PARP1	PARP1	target	1
PARP3	PARP3	target	1
PCBP3	PCBP3	target	1
PDE4D	PDE4D	target	1
PDE7A	PDE7A	target	1
PITPNM1	PITPNM1	target	1
PLA1A	PLA1A	target	1
PNOC	PNOC	target	1
PNPT1	PNPT1	target	1
PPP1R3C	PPP1R3C	target	1
PROCR	PROCR	target	1
PSMC1	PSMC1	target	1
RAB31	RAB31	target	1
RAB5IF	RAB5IF	target	1
RALB	RALB	target	1
RFLNB	RFLNB	target	1
RHOU	RHOU	target	1
RND1	RND1	target	1
RSPO3	RSPO3	target	1
RSU1	RSU1	target	1
RTN1	RTN1	target	1
RXFP1	RXFP1	target	1
S1PR4	S1PR4	target	1
SEC61B	SEC61B	target	1
SERTAD1	SERTAD1	target	1
SLC12A7	SLC12A7	target	1
SLC5A5	SLC5A5	target	1
SPPL2A	SPPL2A	target	1
SRFBP1	SRFBP1	target	1
TAGLN2	TAGLN2	target	1
TBC1D1	TBC1D1	target	1
TCN2	TCN2	target	1
SH2B3	SH2B3	target	1
ADGRD1	ADGRD1	target	1
ADRB3	ADRB3	target	1
AKR1B10	AKR1B10	target	1
APBB1IP	APBB1IP	target	1
APOBEC3B	APOBEC3B	target	1
ASCL2	ASCL2	target	1
B4GALT1	B4GALT1	target	1
BCL10	BCL10	target	1
C2CD4A	C2CD4A	target	1
CDC42EP2	CDC42EP2	target	1
CDH3	CDH3	target	1
COL15A1	COL15A1	target	1
CREB3L3	CREB3L3	target	1
DOCK8	DOCK8	target	1
DPYS	DPYS	target	1
ETV6	ETV6	target	1
EXOC3L4	EXOC3L4	target	1
FOXF1	FOXF1	target	1
FUT4	FUT4	target	1
GPR88	GPR88	target	1
HAPLN1	HAPLN1	target	1
HIVEP3	HIVEP3	target	1
HK3	HK3	target	1
IGFL1	IGFL1	target	1
IL17C	IL17C	target	1
KCNJ10	KCNJ10	target	1
KCNJ2	KCNJ2	target	1
KRT6B	KRT6B	target	1
L3MBTL3	L3MBTL3	target	1
MAP3K14	MAP3K14	target	1
MCF2	MCF2	target	1
MOB3C	MOB3C	target	1
MSC	MSC	target	1
MVP	MVP	target	1
NRROS	NRROS	target	1
P2RX2	P2RX2	target	1
P2RX5	P2RX5	target	1
PAK2	PAK2	target	1
PDE6G	PDE6G	target	1
RAB32	RAB32	target	1
RASGRF1	RASGRF1	target	1
RASSF5	RASSF5	target	1
RFLNA	RFLNA	target	1
RHBDF2	RHBDF2	target	1
RNASE2	RNASE2	target	1
SLAMF8	SLAMF8	target	1
SLC43A2	SLC43A2	target	1
TIMD4	TIMD4	target	1
TNFRSF6B	TNFRSF6B	target	1
TRIM15	TRIM15	target	1
TRIM56	TRIM56	target	1
TXN	TXN	target	1
VSIR	VSIR	target	1
ZNF267	ZNF267	target	1
DPYD	DPYD	target	1
DRD3	DRD3	target	1
PAG1	PAG1	target	1
RGL1	RGL1	target	1
SLC9B2	SLC9B2	target	1
SPIB	SPIB	target	1
ADGRG3	ADGRG3	target	1
BCAR1	BCAR1	target	1
GPR55	GPR55	target	1
SH2B2	SH2B2	target	1
BTK	BTK	target	1
PPA1	PPA1	target	1
STARD8	STARD8	target	1
