"","size","mean","sd","X84.13","X97.72","X99.86"
"1",4,0.343697834809809,0.121609177422783,0.465307012232592,0.586916189655374,0.708525367078157
"2",5,0.360514695951162,0.104315087933604,0.464829783884765,0.569144871818369,0.673459959751973
"3",6,0.377902301681026,0.092483599074943,0.470385900755969,0.562869499830912,0.655353098905855
"4",7,0.350371709618014,0.0858538568112617,0.436225566429276,0.522079423240537,0.607933280051799
"5",8,0.358295585469424,0.0781911237419391,0.436486709211364,0.514677832953303,0.592868956695242
"6",9,0.356339055362872,0.0696742325524647,0.426013287915337,0.495687520467802,0.565361753020266
"7",10,0.35348174701915,0.0751552919879389,0.428637039007089,0.503792330995028,0.578947622982967
"8",11,0.357019464908338,0.0639687546423127,0.420988219550651,0.484956974192963,0.548925728835276
"9",12,0.355232086993106,0.0651222110631093,0.420354298056216,0.485476509119325,0.550598720182434
"10",13,0.360729652108559,0.0661367471318267,0.426866399240386,0.493003146372212,0.559139893504039
"11",14,0.352852624197483,0.0579397574364407,0.410792381633924,0.468732139070364,0.526671896506805
"12",15,0.361682077882925,0.0569063445258109,0.418588422408736,0.475494766934547,0.532401111460358
"13",16,0.364716080491988,0.0514683126536765,0.416184393145664,0.467652705799341,0.519121018453017
"14",17,0.368766360759955,0.0533166035371191,0.422082964297074,0.475399567834193,0.528716171371313
"15",18,0.360242370641057,0.0515487745933677,0.411791145234424,0.463339919827792,0.51488869442116
"16",19,0.363389773757113,0.0488946434979135,0.412284417255026,0.46117906075294,0.510073704250853
"17",20,0.352202039067602,0.0456027354971476,0.39780477456475,0.443407510061897,0.489010245559045
"18",21,0.362996726535277,0.043423507073801,0.406420233609078,0.449843740682879,0.49326724775668
"19",22,0.362853510419834,0.0445075927024477,0.407361103122281,0.451868695824729,0.496376288527177
"20",23,0.356973200449334,0.0416199244359115,0.398593124885245,0.440213049321157,0.481832973757068
"21",24,0.363478140699427,0.0421540513208305,0.405632192020258,0.447786243341088,0.489940294661919
"22",25,0.359323444446249,0.0438350280491658,0.403158472495414,0.44699350054458,0.490828528593746
"23",26,0.354722706162512,0.0382446446376704,0.392967350800182,0.431211995437852,0.469456640075523
"24",27,0.352573742170901,0.0425676901869858,0.395141432357887,0.437709122544873,0.480276812731859
"25",28,0.356872048665345,0.0422223280489018,0.399094376714247,0.441316704763148,0.48353903281205
"26",29,0.360917723801243,0.0351991385135022,0.396116862314745,0.431316000828248,0.46651513934175
"27",30,0.359407330671671,0.0363117987223937,0.395719129394065,0.432030928116459,0.468342726838852
"28",31,0.354023804784847,0.0404786507310223,0.39450245551587,0.434981106246892,0.475459756977914
"29",32,0.364328288202653,0.0369021503232275,0.40123043852588,0.438132588849108,0.475034739172335
"30",33,0.364718076081927,0.0335380064667975,0.398256082548724,0.431794089015522,0.465332095482319
"31",34,0.361105645239357,0.0355508397214853,0.396656484960843,0.432207324682328,0.467758164403813
"32",35,0.354093880532423,0.0393189746867146,0.393412855219137,0.432731829905852,0.472050804592567
"33",36,0.358451765794946,0.0296096721625264,0.388061437957472,0.417671110119999,0.447280782282525
"34",37,0.357091129100079,0.0344814935592065,0.391572622659286,0.426054116218492,0.460535609777698
"35",38,0.361071647756052,0.0341012334025261,0.395172881158578,0.429274114561104,0.46337534796363
"36",39,0.355087529109798,0.0355097565437243,0.390597285653523,0.426107042197247,0.461616798740971
"37",40,0.358384188302049,0.0330477164272562,0.391431904729305,0.424479621156562,0.457527337583818
"38",41,0.357364492317116,0.0312190899816297,0.388583582298746,0.419802672280375,0.451021762262005
"39",42,0.363577459324965,0.0300630228905747,0.39364048221554,0.423703505106115,0.453766527996689
"40",43,0.358977748800896,0.033132747019482,0.392110495820378,0.42524324283986,0.458375989859342
"41",44,0.355557063746506,0.0269810647449506,0.382538128491456,0.409519193236407,0.436500257981357
"42",45,0.358646917290089,0.0278215937734598,0.386468511063549,0.414290104837009,0.442111698610469
"43",46,0.354722835296999,0.0310364738950573,0.385759309192057,0.416795783087114,0.447832256982171
"44",47,0.35742232995269,0.0305088472543991,0.387931177207089,0.418440024461488,0.448948871715887
"45",48,0.358024257915325,0.0315356147840232,0.389559872699348,0.421095487483372,0.452631102267395
"46",49,0.353975189057697,0.0273003534584919,0.381275542516189,0.408575895974681,0.435876249433173
"47",50,0.354961706089134,0.0297869839226316,0.384748690011765,0.414535673934397,0.444322657857029
"48",51,0.365923070577932,0.0296108123511015,0.395533882929034,0.425144695280135,0.454755507631237
"49",52,0.353152988710534,0.0260000842318733,0.379153072942407,0.40515315717428,0.431153241406153
"50",53,0.366285670327399,0.0277919686022878,0.394077638929687,0.421869607531974,0.449661576134262
"51",54,0.35918026662367,0.0260767061770415,0.385256972800711,0.411333678977753,0.437410385154794
"52",55,0.358821863911113,0.0272732245862075,0.386095088497321,0.413368313083528,0.440641537669736
"53",56,0.356930089360176,0.0260476266085078,0.382977715968684,0.409025342577192,0.4350729691857
"54",57,0.358905069353335,0.0243294659151166,0.383234535268452,0.407564001183568,0.431893467098685
"55",58,0.359978260254711,0.0250223285018916,0.385000588756603,0.410022917258494,0.435045245760386
"56",59,0.359037670194658,0.0267563402391482,0.385794010433807,0.412550350672955,0.439306690912103
"57",60,0.358247377093806,0.0288034603191469,0.387050837412953,0.4158542977321,0.444657758051247
"58",61,0.366710773906272,0.0274549800897604,0.394165753996032,0.421620734085793,0.449075714175553
"59",62,0.361930853915773,0.027472010226058,0.389402864141831,0.416874874367889,0.444346884593947
"60",63,0.362855538943018,0.0243354493554843,0.387190988298502,0.411526437653986,0.435861887009471
"61",64,0.358586126830529,0.0237770740601291,0.382363200890658,0.406140274950787,0.429917349010916
"62",65,0.362449516666523,0.0285453544234261,0.390994871089949,0.419540225513375,0.448085579936801
"63",66,0.357637393876954,0.0246096604927686,0.382247054369722,0.406856714862491,0.431466375355259
"64",67,0.359199464171445,0.0261194637694285,0.385318927940873,0.411438391710302,0.43755785547973
"65",68,0.358633811161296,0.0248073033289947,0.383441114490291,0.408248417819286,0.43305572114828
"66",69,0.357951225264284,0.0229312982578518,0.380882523522136,0.403813821779988,0.42674512003784
"67",70,0.355928672462374,0.0262049800377927,0.382133652500167,0.408338632537959,0.434543612575752
"68",71,0.360845242654445,0.0228373626638303,0.383682605318276,0.406519967982106,0.429357330645936
"69",72,0.355803771472233,0.0239913641214682,0.379795135593701,0.40378649971517,0.427777863836638
"70",73,0.359553967903447,0.0217784791615128,0.38133244706496,0.403110926226473,0.424889405387986
"71",74,0.360837813577343,0.021268510612387,0.38210632418973,0.403374834802117,0.424643345414504
"72",75,0.359414912603069,0.0259013274497059,0.385316240052775,0.411217567502481,0.437118894952187
"73",76,0.36136674595735,0.0212627689918048,0.382629514949154,0.403892283940959,0.425155052932764
"74",77,0.358456631037614,0.024701650689687,0.383158281727301,0.407859932416988,0.432561583106675
"75",78,0.358958895934156,0.0229011082413291,0.381860004175485,0.404761112416814,0.427662220658143
"76",79,0.358927723902693,0.0231333401797048,0.382061064082398,0.405194404262103,0.428327744441807
"77",80,0.358991001678825,0.0232516831821051,0.38224268486093,0.405494368043035,0.42874605122514
"78",81,0.357580982875472,0.0223507156059896,0.379931698481462,0.402282414087452,0.424633129693441
"79",82,0.359947435648812,0.0227113205015976,0.38265875615041,0.405370076652007,0.428081397153605
"80",83,0.357090379718729,0.0228811890051292,0.379971568723858,0.402852757728987,0.425733946734116
"81",84,0.363320380671702,0.0211516040156692,0.384471984687371,0.40562358870304,0.426775192718709
"82",85,0.356079032713741,0.0226670672584552,0.378746099972196,0.401413167230651,0.424080234489106
"83",86,0.360405949518128,0.0204972223883037,0.380903171906432,0.401400394294736,0.421897616683039
"84",87,0.358014653394002,0.0188912365784749,0.376905889972477,0.395797126550952,0.414688363129427
"85",88,0.358976062474428,0.0197070806685739,0.378683143143002,0.398390223811576,0.41809730448015
"86",89,0.35683115573195,0.0187135239192686,0.375544679651219,0.394258203570488,0.412971727489756
"87",90,0.360450312044321,0.02110805363103,0.381558365675351,0.402666419306381,0.423774472937411
"88",91,0.359382965703858,0.0218068684981764,0.381189834202034,0.402996702700211,0.424803571198387
"89",92,0.3615996645178,0.0188001063209639,0.380399770838764,0.399199877159728,0.417999983480692
"90",93,0.360815253688933,0.022456161567236,0.383271415256169,0.405727576823405,0.428183738390641
"91",94,0.355277003099301,0.0185249910235627,0.373801994122863,0.392326985146426,0.410851976169989
"92",95,0.36061630428267,0.0206981961247613,0.381314500407431,0.402012696532193,0.422710892656954
"93",96,0.355143335416022,0.0192038198938904,0.374347155309912,0.393550975203802,0.412754795097693
"94",97,0.360105063019514,0.0173879520026405,0.377493015022154,0.394880967024795,0.412268919027435
"95",98,0.358205801730671,0.0206021375941451,0.378807939324816,0.399410076918961,0.420012214513106
"96",99,0.357293034350701,0.0223005024331067,0.379593536783808,0.401894039216914,0.424194541650021
"97",100,0.3584137091263,0.0187588989763115,0.377172608102612,0.395931507078923,0.414690406055235
"98",101,0.357937257892757,0.0194719784803295,0.377409236373086,0.396881214853416,0.416353193333745
"99",102,0.360022080531275,0.0187448874135297,0.378766967944804,0.397511855358334,0.416256742771864
"100",103,0.363551545061912,0.0187190161577729,0.382270561219684,0.400989577377457,0.41970859353523
"101",104,0.359218700030111,0.0188361953448652,0.378054895374976,0.396891090719842,0.415727286064707
"102",105,0.359183488013864,0.0186507359887819,0.377834224002646,0.396484959991428,0.41513569598021
"103",106,0.361195274795216,0.0213382029020553,0.382533477697271,0.403871680599326,0.425209883501381
"104",107,0.361589424297924,0.020203484387717,0.381792908685641,0.401996393073358,0.422199877461075
"105",108,0.360093707209203,0.0198486218779759,0.379942329087179,0.399790950965155,0.419639572843131
"106",109,0.357947688384697,0.0202573364876645,0.378205024872362,0.398462361360026,0.418719697847691
"107",110,0.358058749476484,0.0192050487317828,0.377263798208267,0.396468846940049,0.415673895671832
"108",111,0.356508654588503,0.0190572076443811,0.375565862232885,0.394623069877266,0.413680277521647
"109",112,0.356694639423185,0.0165552028087853,0.37324984223197,0.389805045040756,0.406360247849541
"110",113,0.359030865839056,0.0179312783876419,0.376962144226698,0.39489342261434,0.412824701001982
"111",114,0.361108774626407,0.0198661896252538,0.380974964251661,0.400841153876915,0.420707343502169
"112",115,0.35824173419538,0.0156078830880777,0.373849617283457,0.389457500371535,0.405065383459613
"113",116,0.359082443062028,0.0188407085767089,0.377923151638737,0.396763860215446,0.415604568792155
"114",117,0.358729057453367,0.0181860039754285,0.376915061428796,0.395101065404224,0.413287069379653
"115",118,0.359604351130994,0.0165929864143886,0.376197337545383,0.392790323959771,0.40938331037416
"116",119,0.359193359448688,0.0187283924587908,0.377921751907479,0.39665014436627,0.41537853682506
"117",120,0.359955335367651,0.0184585936251501,0.378413928992801,0.396872522617951,0.415331116243101
"118",121,0.359517217892334,0.0180875083584757,0.377604726250809,0.395692234609285,0.413779742967761
"119",122,0.359454760241917,0.0166408958210125,0.37609565606293,0.392736551883942,0.409377447704955
"120",123,0.359194865893755,0.0181150961244008,0.377309962018156,0.395425058142557,0.413540154266957
"121",124,0.358608440121619,0.0167244219184731,0.375332862040092,0.392057283958565,0.408781705877038
"122",125,0.360460454828457,0.0164383942222116,0.376898849050669,0.39333724327288,0.409775637495092
"123",126,0.359251768800678,0.017735910086231,0.376987678886909,0.39472358897314,0.412459499059371
"124",127,0.358339213800998,0.0170667571938738,0.375405970994872,0.392472728188746,0.40953948538262
"125",128,0.361923267844431,0.0179070600524041,0.379830327896835,0.397737387949239,0.415644448001643
"126",129,0.357632314674895,0.0177832050349921,0.375415519709887,0.393198724744879,0.410981929779871
"127",130,0.358188913555909,0.015415927742505,0.373604841298414,0.389020769040919,0.404436696783424
"128",131,0.358088801998864,0.0149999595037941,0.373088761502658,0.388088721006452,0.403088680510246
"129",132,0.360074402552051,0.0190627760072673,0.379137178559318,0.398199954566585,0.417262730573853
"130",133,0.359328107574226,0.0198008056841338,0.37912891325836,0.398929718942494,0.418730524626628
"131",134,0.360436694400018,0.0174130309054553,0.377849725305473,0.395262756210928,0.412675787116384
"132",135,0.359601832691295,0.0168317529646038,0.376433585655898,0.393265338620502,0.410097091585106
"133",136,0.361617726307442,0.0178469699746885,0.379464696282131,0.397311666256819,0.415158636231508
"134",137,0.357266932380374,0.0160756907532191,0.373342623133593,0.389418313886812,0.405494004640031
"135",138,0.359985236475961,0.0170984536391518,0.377083690115113,0.394182143754265,0.411280597393417
"136",139,0.36199137882876,0.0188097608356795,0.380801139664439,0.399610900500119,0.418420661335798
"137",140,0.357932143594233,0.0143976756017897,0.372329819196023,0.386727494797813,0.401125170399602
"138",141,0.360471287880329,0.0153576745798785,0.375828962460207,0.391186637040085,0.406544311619964
"139",142,0.360694245175655,0.0173515702466636,0.378045815422319,0.395397385668982,0.412748955915646
"140",143,0.361607019699649,0.0161028595554267,0.377709879255076,0.393812738810503,0.40991559836593
"141",144,0.358915848425539,0.0163835812248021,0.375299429650341,0.391683010875143,0.408066592099945
"142",145,0.355580189607608,0.01750111741906,0.373081307026668,0.390582424445728,0.408083541864788
"143",146,0.359697002703498,0.0162505393780226,0.375947542081521,0.392198081459543,0.408448620837566
"144",147,0.358824913719952,0.0172134932757661,0.376038406995719,0.393251900271485,0.410465393547251
"145",148,0.360246818963422,0.0163101726725036,0.376556991635925,0.392867164308429,0.409177336980932
"146",149,0.360432102566008,0.0177470385643098,0.378179141130318,0.395926179694628,0.413673218258937
"147",150,0.358326209965243,0.014628269866135,0.372954479831378,0.387582749697513,0.402211019563648
"148",151,0.359308571711637,0.0175599889494153,0.376868560661053,0.394428549610468,0.411988538559883
"149",152,0.360321958834531,0.0149561443571181,0.375278103191649,0.390234247548767,0.405190391905885
"150",153,0.357581731761836,0.0167272380208845,0.37430896978272,0.391036207803605,0.407763445824489
"151",154,0.363530535356463,0.0165514143046741,0.380081949661137,0.396633363965811,0.413184778270485
"152",155,0.361868616881804,0.0155678086010012,0.377436425482805,0.393004234083806,0.408572042684807
"153",156,0.360574947579173,0.0146636235904327,0.375238571169606,0.389902194760039,0.404565818350471
"154",157,0.360601074742357,0.0143804090560346,0.374981483798391,0.389361892854426,0.40374230191046
"155",158,0.359764702633787,0.0161175998220627,0.37588230245585,0.391999902277912,0.408117502099975
"156",159,0.360356428912599,0.0153541771066854,0.375710606019285,0.39106478312597,0.406418960232655
"157",160,0.358243385134428,0.014251291755919,0.372494676890347,0.386745968646266,0.400997260402185
"158",161,0.360834727461274,0.0164157394963383,0.377250466957612,0.39366620645395,0.410081945950288
"159",162,0.360163452653944,0.0166279499460669,0.376791402600011,0.393419352546078,0.410047302492145
"160",163,0.362225049686257,0.0157322813916439,0.377957331077901,0.393689612469545,0.409421893861189
"161",164,0.359236337858285,0.0149020642262503,0.374138402084536,0.389040466310786,0.403942530537036
"162",165,0.360945133435955,0.0159903322201078,0.376935465656063,0.392925797876171,0.408916130096278
"163",166,0.360568126517126,0.0155101158320607,0.376078242349187,0.391588358181247,0.407098474013308
"164",167,0.358710046505631,0.0142319224686687,0.3729419689743,0.387173891442968,0.401405813911637
"165",168,0.360289388882911,0.0142243390733513,0.374513727956263,0.388738067029614,0.402962406102965
"166",169,0.358967219640186,0.015257336100987,0.374224555741173,0.38948189184216,0.404739227943147
"167",170,0.36110838524836,0.014108812283086,0.375217197531446,0.389326009814532,0.403434822097618
"168",171,0.3581778717381,0.0129844771804669,0.371162348918566,0.384146826099033,0.3971313032795
"169",172,0.360717446483236,0.0148074615907263,0.375524908073962,0.390332369664688,0.405139831255415
"170",173,0.3593250715717,0.0167816763298204,0.37610674790152,0.392888424231341,0.409670100561161
"171",174,0.3600628227814,0.0150854744832752,0.375148297264675,0.39023377174795,0.405319246231225
"172",175,0.359824994254669,0.013594646780106,0.373419641034775,0.387014287814881,0.400608934594987
"173",176,0.358480188269631,0.0165281220603985,0.375008310330029,0.391536432390427,0.408064554450826
"174",177,0.360281776977778,0.0141200148751513,0.37440179185293,0.388521806728081,0.402641821603232
"175",178,0.356878316642401,0.0125268042656341,0.369405120908035,0.381931925173669,0.394458729439303
"176",179,0.359133299938408,0.0145679226352645,0.373701222573672,0.388269145208937,0.402837067844201
"177",180,0.358820656863995,0.0144909396663941,0.373311596530389,0.387802536196783,0.402293475863177
"178",181,0.357730772772811,0.0151313469788262,0.372862119751637,0.387993466730463,0.403124813709289
"179",182,0.357423506822734,0.0150752139623587,0.372498720785092,0.387573934747451,0.40264914870981
"180",183,0.358501873661504,0.0139706829468638,0.372472556608368,0.386443239555232,0.400413922502095
"181",184,0.359044636622166,0.0145716399149094,0.373616276537075,0.388187916451985,0.402759556366894
"182",185,0.35825925367415,0.0134585428099597,0.37171779648411,0.385176339294069,0.398634882104029
"183",186,0.357193306554486,0.0177294551485732,0.374922761703059,0.392652216851632,0.410381672000206
"184",187,0.360546149707555,0.0150847388327726,0.375630888540328,0.390715627373101,0.405800366205873
"185",188,0.361603656523295,0.0127971899640735,0.374400846487369,0.387198036451442,0.399995226415516
"186",189,0.362144985426864,0.0138685182591066,0.37601350368597,0.389882021945077,0.403750540204184
"187",190,0.357946478215131,0.0126300506842898,0.370576528899421,0.38320657958371,0.395836630268
"188",191,0.361321397827136,0.0153204529910289,0.376641850818165,0.391962303809194,0.407282756800223
"189",192,0.358450746106787,0.0133689697852876,0.371819715892075,0.385188685677362,0.39855765546265
"190",193,0.359725070065423,0.013815939017687,0.373541009083111,0.387356948100798,0.401172887118485
"191",194,0.357688475313234,0.0148147771414663,0.372503252454701,0.387318029596167,0.402132806737633
"192",195,0.359887719364312,0.0135445240474716,0.373432243411783,0.386976767459255,0.400521291506727
"193",196,0.361117312631733,0.0140067882836976,0.37512410091543,0.389130889199128,0.403137677482826
"194",197,0.358954445867375,0.0142106282730988,0.373165074140474,0.387375702413573,0.401586330686672
"195",198,0.358047876765871,0.013543300804353,0.371591177570224,0.385134478374577,0.39867777917893
"196",199,0.35575226798471,0.0136929333467559,0.369445201331466,0.383138134678222,0.396831068024978
"197",200,0.360079279719593,0.0148885736767727,0.374967853396366,0.389856427073138,0.404745000749911
"198",201,0.358853837178866,0.0131937376151895,0.372047574794055,0.385241312409245,0.398435050024434
"199",202,0.359667264911701,0.0122004267521721,0.371867691663873,0.384068118416045,0.396268545168217
"200",203,0.358754538474939,0.0151385712435231,0.373893109718462,0.389031680961986,0.404170252205509
"201",204,0.362596120948001,0.0126142467923063,0.375210367740308,0.387824614532614,0.40043886132492
"202",205,0.362964370611373,0.0137152499120575,0.376679620523431,0.390394870435488,0.404110120347546
"203",206,0.355337014408123,0.0129847781306674,0.368321792538791,0.381306570669458,0.394291348800126
"204",207,0.35834291074746,0.0122479078565521,0.370590818604012,0.382838726460564,0.395086634317116
"205",208,0.357699936326649,0.0133938483716118,0.371093784698261,0.384487633069872,0.397881481441484
"206",209,0.360783657495487,0.0132266916371364,0.374010349132623,0.38723704076976,0.400463732406896
"207",210,0.362612897083217,0.0129265181249878,0.375539415208204,0.388465933333192,0.40139245145818
"208",211,0.359329150591127,0.0132557881535444,0.372584938744672,0.385840726898216,0.399096515051761
"209",212,0.359280640507536,0.0128668763335915,0.372147516841128,0.385014393174719,0.397881269508311
"210",213,0.361173338353825,0.0140762554941481,0.375249593847973,0.389325849342121,0.403402104836269
"211",214,0.358587797255385,0.0120536151773227,0.370641412432708,0.382695027610031,0.394748642787354
"212",215,0.358585123817058,0.0130030289850767,0.371588152802135,0.384591181787212,0.397594210772289
"213",216,0.360794192192339,0.0131958942026178,0.373990086394957,0.387185980597575,0.400381874800192
"214",217,0.357476973305004,0.0123927501393766,0.369869723444381,0.382262473583757,0.394655223723134
"215",218,0.360941234424863,0.0143842259705584,0.375325460395422,0.38970968636598,0.404093912336538
"216",219,0.359035479804778,0.0128842455125042,0.371919725317282,0.384803970829786,0.39768821634229
"217",220,0.358078887255372,0.0127836761795937,0.370862563434966,0.38364623961456,0.396429915794154
"218",221,0.357497984557439,0.0122287927191694,0.369726777276608,0.381955569995778,0.394184362714947
"219",222,0.358544248541012,0.0127321558249175,0.37127640436593,0.384008560190847,0.396740716015765
"220",223,0.360085371604379,0.0121717288745292,0.372257100478908,0.384428829353437,0.396600558227966
"221",224,0.35794779568415,0.0115698623389094,0.369517658023059,0.381087520361969,0.392657382700878
"222",225,0.360366655069635,0.0135147438693974,0.373881398939032,0.38739614280843,0.400910886677827
"223",226,0.360035451535721,0.0127840275782483,0.372819479113969,0.385603506692218,0.398387534270466
"224",227,0.358373337499515,0.0132770790830292,0.371650416582544,0.384927495665574,0.398204574748603
"225",228,0.359894586121326,0.0129502166361815,0.372844802757507,0.385795019393688,0.39874523602987
"226",229,0.361747780574171,0.011554693787756,0.373302474361926,0.384857168149682,0.396411861937438
"227",230,0.359701798658148,0.013276838998837,0.372978637656985,0.386255476655822,0.39953231565466
"228",231,0.358560335739582,0.0130013792242808,0.371561714963862,0.384563094188143,0.397564473412424
"229",232,0.359812596268308,0.0127328392183916,0.3725454354867,0.385278274705091,0.398011113923483
"230",233,0.361250727115506,0.0127741357696701,0.374024862885176,0.386798998654846,0.399573134424516
"231",234,0.360108522136535,0.0125912384398883,0.372699760576423,0.385290999016311,0.397882237456199
"232",235,0.362375190061212,0.0130023830039889,0.375377573065201,0.388379956069189,0.401382339073178
"233",236,0.361390989324394,0.0133962504129254,0.37478723973732,0.388183490150245,0.40157974056317
"234",237,0.358244288692569,0.0112546859908201,0.369498974683389,0.380753660674209,0.392008346665029
"235",238,0.360396747424873,0.0127754777569328,0.373172225181806,0.385947702938739,0.398723180695672
"236",239,0.361143821939036,0.0127282639091809,0.373872085848217,0.386600349757397,0.399328613666578
"237",240,0.357369591780175,0.0117009317261726,0.369070523506347,0.38077145523252,0.392472386958693
"238",241,0.35869148453131,0.0133607336264862,0.372052218157796,0.385412951784282,0.398773685410768
"239",242,0.360003749196108,0.0127414896552998,0.372745238851408,0.385486728506708,0.398228218162007
"240",243,0.36070482122167,0.012031161535828,0.372735982757498,0.384767144293326,0.396798305829154
"241",244,0.362293146175132,0.0107440879877866,0.373037234162919,0.383781322150705,0.394525410138492
"242",245,0.358729675780775,0.0115399916564289,0.370269667437204,0.381809659093633,0.393349650750062
"243",246,0.35919001932741,0.0118376607615902,0.371027680089,0.38286534085059,0.39470300161218
"244",247,0.358592491146829,0.0101624015152637,0.368754892662093,0.378917294177357,0.38907969569262
"245",248,0.358814933861105,0.0119873541556155,0.370802288016721,0.382789642172336,0.394776996327952
"246",249,0.35792773980372,0.0123597314926387,0.370287471296359,0.382647202788997,0.395006934281636
"247",250,0.358654665743655,0.0125452294276787,0.371199895171333,0.383745124599012,0.396290354026691
"248",251,0.35865306824615,0.0138918923704146,0.372544960616565,0.386436852986979,0.400328745357394
"249",252,0.362181487821776,0.0127507385325033,0.37493222635428,0.387682964886783,0.400433703419286
"250",253,0.360890952170031,0.0122410228728807,0.373131975042912,0.385372997915793,0.397614020788673
"251",254,0.359184131661263,0.0142123459321454,0.373396477593408,0.387608823525554,0.401821169457699
"252",255,0.356276697166437,0.0125941417458623,0.3688708389123,0.381464980658162,0.394059122404024
"253",256,0.358994871469587,0.0117386830326723,0.370733554502259,0.382472237534931,0.394210920567604
"254",257,0.359427400593866,0.012410016432934,0.3718374170268,0.384247433459734,0.396657449892668
"255",258,0.360049876475955,0.012036522317244,0.372086398793199,0.384122921110443,0.396159443427687
"256",259,0.357409206989177,0.0117226163362659,0.369131823325443,0.380854439661709,0.392577055997975
"257",260,0.357949388436321,0.011389772714136,0.369339161150457,0.380728933864593,0.392118706578729
"258",261,0.360617786990243,0.0110176342813246,0.371635421271567,0.382653055552892,0.393670689834217
"259",262,0.359671372541489,0.0119248608888935,0.371596233430382,0.383521094319276,0.395445955208169
"260",263,0.360092153879779,0.0104443792762664,0.370536533156046,0.380980912432312,0.391425291708578
"261",264,0.359652911918364,0.011690418314785,0.371343330233149,0.383033748547934,0.394724166862719
"262",265,0.360255051928844,0.0119462362988431,0.372201288227687,0.38414752452653,0.396093760825373
"263",266,0.359128084165932,0.0121173644205615,0.371245448586493,0.383362813007055,0.395480177427616
"264",267,0.359298251171554,0.0107887616558809,0.370087012827435,0.380875774483315,0.391664536139196
"265",268,0.359196255503238,0.0106399445985337,0.369836200101772,0.380476144700305,0.391116089298839
"266",269,0.360188919578657,0.0116930431298336,0.37188196270849,0.383575005838324,0.395268048968158
"267",270,0.358861040184895,0.0126664028249858,0.37152744300988,0.384193845834866,0.396860248659852
"268",271,0.357932757598386,0.0107658328081527,0.368698590406539,0.379464423214691,0.390230256022844
"269",272,0.360909643009659,0.012299419666525,0.373209062676184,0.385508482342709,0.397807902009234
"270",273,0.356683517446744,0.0096954910015113,0.366379008448255,0.376074499449766,0.385769990451278
"271",274,0.361719798648968,0.00980251609685598,0.371522314745824,0.38132483084268,0.391127346939536
"272",275,0.359363155499497,0.0109662393888177,0.370329394888315,0.381295634277133,0.39226187366595
"273",276,0.360926975932123,0.0113884182461705,0.372315394178293,0.383703812424464,0.395092230670634
"274",277,0.360620981524414,0.0107844537926646,0.371405435317078,0.382189889109743,0.392974342902407
"275",278,0.359500732930746,0.0110744582907887,0.370575191221535,0.381649649512324,0.392724107803112
"276",279,0.36005758099636,0.0121027873369202,0.37216036833328,0.384263155670201,0.396365943007121
"277",280,0.361956233948421,0.0121731687431178,0.374129402691539,0.386302571434657,0.398475740177774
"278",281,0.361111928533438,0.0128311006004911,0.373943029133929,0.38677412973442,0.399605230334911
"279",282,0.359893079062339,0.0111876638555339,0.371080742917873,0.382268406773407,0.393456070628941
"280",283,0.356160852040351,0.0112270571997585,0.367387909240109,0.378614966439868,0.389842023639626
"281",284,0.359738788416878,0.0105840096586224,0.370322798075501,0.380906807734123,0.391490817392745
"282",285,0.358913353151745,0.0105901762488508,0.369503529400596,0.380093705649447,0.390683881898298
"283",286,0.359828355411566,0.0105997813563264,0.370428136767892,0.381027918124218,0.391627699480545
"284",287,0.357890694027797,0.010413997301482,0.368304691329279,0.378718688630761,0.389132685932243
"285",288,0.359267643014887,0.0104067154579611,0.369674358472848,0.380081073930809,0.39048778938877
"286",289,0.359859631573149,0.0110516770467915,0.370911308619941,0.381962985666732,0.393014662713524
"287",290,0.359885944743423,0.0120212693587274,0.371907214102151,0.383928483460878,0.395949752819606
"288",291,0.358737512883479,0.0101534638041073,0.368890976687586,0.379044440491693,0.389197904295801
"289",292,0.359310135040748,0.012251373036595,0.371561508077343,0.383812881113938,0.396064254150533
"290",293,0.359007380280327,0.0104488837586198,0.369456264038946,0.379905147797566,0.390354031556186
"291",294,0.359492812187464,0.0103449231425028,0.369837735329967,0.38018265847247,0.390527581614972
"292",295,0.359131096602843,0.0107265272568452,0.369857623859688,0.380584151116533,0.391310678373378
"293",296,0.359382675863442,0.0111336114258691,0.370516287289311,0.38164989871518,0.392783510141049
"294",297,0.359534104726144,0.0107661366225568,0.370300241348701,0.381066377971257,0.391832514593814
"295",298,0.360480990531643,0.0116493451679641,0.372130335699607,0.383779680867571,0.395429026035535
"296",299,0.359671522172485,0.0111582940381426,0.370829816210627,0.38198811024877,0.393146404286912
"297",300,0.359866730302878,0.0119621821212441,0.371828912424122,0.383791094545367,0.395753276666611
"298",301,0.361959587935077,0.0110179274250304,0.372977515360108,0.383995442785138,0.395013370210169
"299",302,0.357975578090085,0.011690644943355,0.36966622303344,0.381356867976795,0.39304751292015
"300",303,0.3596159683069,0.0105536571218234,0.370169625428724,0.380723282550547,0.391276939672371
"301",304,0.359490010658676,0.0108472248571247,0.370337235515801,0.381184460372926,0.39203168523005
"302",305,0.358715482115842,0.0117660299087998,0.370481512024642,0.382247541933442,0.394013571842242
"303",306,0.358263053802456,0.0101557639269387,0.368418817729395,0.378574581656333,0.388730345583272
"304",307,0.359905282599744,0.0122658832537937,0.372171165853538,0.384437049107332,0.396702932361125
"305",308,0.358846427828765,0.0119413852779924,0.370787813106757,0.38272919838475,0.394670583662742
"306",309,0.360805520174833,0.0101650433924437,0.370970563567277,0.381135606959721,0.391300650352165
"307",310,0.360410221663429,0.0103036778085197,0.370713899471949,0.381017577280468,0.391321255088988
"308",311,0.358863806762686,0.0111440028662343,0.37000780962892,0.381151812495155,0.392295815361389
"309",312,0.360340520042478,0.00958262764073839,0.369923147683216,0.379505775323955,0.389088402964693
"310",313,0.360089535304037,0.0104264019207535,0.370515937224791,0.380942339145544,0.391368741066298
"311",314,0.360399756030751,0.00960332470942933,0.37000308074018,0.37960640544961,0.389209730159039
"312",315,0.361171817781016,0.00931928811222726,0.370491105893244,0.379810394005471,0.389129682117698
"313",316,0.358059860139518,0.0118932694787141,0.369953129618232,0.381846399096946,0.39373966857566
"314",317,0.358569609426222,0.0102185955578624,0.368788204984085,0.379006800541947,0.38922539609981
"315",318,0.360045599530249,0.00922920639507776,0.369274805925327,0.378504012320405,0.387733218715483
"316",319,0.35952098479561,0.00975201049579278,0.369272995291403,0.379025005787195,0.388777016282988
"317",320,0.358429229157737,0.0109818954650363,0.369411124622773,0.380393020087809,0.391374915552846
"318",321,0.359308360239242,0.0109200305694229,0.370228390808665,0.381148421378088,0.392068451947511
"319",322,0.359135752694505,0.00972155765397424,0.36885731034848,0.378578868002454,0.388300425656428
"320",323,0.357629928462484,0.0104953874800031,0.368125315942487,0.37862070342249,0.389116090902493
"321",324,0.358882967185343,0.0105661397379812,0.369449106923325,0.380015246661306,0.390581386399287
"322",325,0.359433089297028,0.0094553214954257,0.368888410792454,0.37834373228788,0.387799053783305
"323",326,0.359397036551668,0.0102939472793518,0.36969098383102,0.379984931110372,0.390278878389724
"324",327,0.359127236999249,0.0106336642801219,0.369760901279371,0.380394565559493,0.391028229839614
"325",328,0.36001874428503,0.0108518273233976,0.370870571608428,0.381722398931825,0.392574226255223
"326",329,0.359231272379275,0.0110929311867452,0.37032420356602,0.381417134752766,0.392510065939511
"327",330,0.360152688705632,0.0105395746593458,0.370692263364978,0.381231838024323,0.391771412683669
"328",331,0.360602580809356,0.0110238637287902,0.371626444538146,0.382650308266936,0.393674171995726
"329",332,0.359582706821135,0.0112104751684914,0.370793181989626,0.382003657158118,0.393214132326609
"330",333,0.359115709111106,0.00980840022643909,0.368924109337545,0.378732509563985,0.388540909790424
"331",334,0.360034709108193,0.010704098195737,0.37073880730393,0.381442905499667,0.392147003695404
"332",335,0.359604121193081,0.0100236030246528,0.369627724217734,0.379651327242387,0.38967493026704
"333",336,0.359662797878115,0.0102789762127601,0.369941774090875,0.380220750303636,0.390499726516396
"334",337,0.360377339525658,0.0100348438607101,0.370412183386368,0.380447027247078,0.390481871107788
"335",338,0.358712254652998,0.0101224141604981,0.368834668813496,0.378957082973994,0.389079497134492
"336",339,0.359092897724639,0.0102509911738933,0.369343888898532,0.379594880072425,0.389845871246319
"337",340,0.360113624788149,0.00976244615804557,0.369876070946195,0.37963851710424,0.389400963262286
"338",341,0.359798827116579,0.00841626534038008,0.368215092456959,0.376631357797339,0.385047623137719
"339",342,0.35963930012,0.00965576536380926,0.369295065483809,0.378950830847618,0.388606596211428
"340",343,0.359713406177874,0.0107485765253129,0.370461982703187,0.3812105592285,0.391959135753813
"341",344,0.357658453389834,0.0101236713459786,0.367782124735813,0.377905796081791,0.38802946742777
"342",345,0.357635460552314,0.00990433598271683,0.367539796535031,0.377444132517748,0.387348468500465
"343",346,0.361283215153506,0.00883287381123245,0.370116088964738,0.378948962775971,0.387781836587203
"344",347,0.359266335972433,0.00883507304336579,0.368101409015798,0.376936482059164,0.38577155510253
"345",348,0.361911925167971,0.0107631520163037,0.372675077184275,0.383438229200579,0.394201381216883
"346",349,0.360782607223636,0.0109265790836355,0.371709186307271,0.382635765390907,0.393562344474542
"347",350,0.360655331136198,0.011235993190627,0.371891324326825,0.383127317517452,0.394363310708079
"348",351,0.360624876170558,0.00950515899286519,0.370130035163423,0.379635194156288,0.389140353149153
"349",352,0.360695128268738,0.0102736168996793,0.370968745168417,0.381242362068097,0.391515978967776
"350",353,0.360524840841765,0.0114648578382752,0.37198969868004,0.383454556518316,0.394919414356591
"351",354,0.35934632427023,0.0109585521220663,0.370304876392297,0.381263428514363,0.392221980636429
"352",355,0.360152000744655,0.00920355797746656,0.369355558722121,0.378559116699588,0.387762674677055
"353",356,0.358542240128252,0.00917973470767025,0.367721974835922,0.376901709543592,0.386081444251262
"354",357,0.358348525611715,0.00875383308326389,0.367102358694979,0.375856191778243,0.384610024861507
"355",358,0.358455888017454,0.00989422322618207,0.368350111243636,0.378244334469818,0.388138557696
"356",359,0.359823192051606,0.0101386287579349,0.369961820809541,0.380100449567476,0.39023907832541
"357",360,0.359780953035551,0.0100380695347487,0.369819022570299,0.379857092105048,0.389895161639797
"358",361,0.359680926301665,0.0100007263109731,0.369681652612638,0.379682378923611,0.389683105234584
"359",362,0.359720504905366,0.010442957184325,0.370163462089691,0.380606419274016,0.391049376458341
"360",363,0.359487401282333,0.00943628727779789,0.368923688560131,0.378359975837929,0.387796263115726
"361",364,0.360952738774515,0.00981591771806851,0.370768656492583,0.380584574210652,0.39040049192872
"362",365,0.360561958589208,0.0104658224817225,0.371027781070931,0.381493603552653,0.391959426034376
"363",366,0.359933224918424,0.00954266162012757,0.369475886538551,0.379018548158679,0.388561209778807
"364",367,0.358719725354263,0.00957870306211737,0.36829842841638,0.377877131478498,0.387455834540615
"365",368,0.359679684975603,0.0100906745948773,0.36977035957048,0.379861034165358,0.389951708760235
"366",369,0.359879422925589,0.00995856197760023,0.36983798490319,0.37979654688079,0.38975510885839
"367",370,0.357069169952156,0.00986343116917525,0.366932601121331,0.376796032290507,0.386659463459682
"368",371,0.359015299998074,0.00972649591362869,0.368741795911702,0.378468291825331,0.38819478773896
"369",372,0.36135920428159,0.0103306542788609,0.371689858560451,0.382020512839312,0.392351167118173
"370",373,0.359285020834222,0.0101351177863108,0.369420138620533,0.379555256406844,0.389690374193154
"371",374,0.360074447624461,0.00933660681729245,0.369411054441753,0.378747661259046,0.388084268076338
"372",375,0.359320082748758,0.0102147023986089,0.369534785147367,0.379749487545976,0.389964189944585
"373",376,0.357182722226136,0.00945177087713698,0.366634493103273,0.37608626398041,0.385538034857547
"374",377,0.360038987721518,0.00933779043057,0.369376778152088,0.378714568582658,0.388052359013228
"375",378,0.357510988696957,0.00952111483415108,0.367032103531108,0.376553218365259,0.38607433319941
"376",379,0.360832162079919,0.0101642764458129,0.370996438525731,0.381160714971544,0.391324991417357
"377",380,0.358384434053908,0.00984714897918699,0.368231583033095,0.378078732012282,0.387925880991469
"378",381,0.358662774216801,0.00890843706429169,0.367571211281093,0.376479648345385,0.385388085409677
"379",382,0.35853250525237,0.00958902875808583,0.368121534010456,0.377710562768541,0.387299591526627
"380",383,0.36079185624598,0.00958007073457203,0.370371926980552,0.379951997715124,0.389532068449696
"381",384,0.359180717226636,0.00886690973716502,0.368047626963801,0.376914536700966,0.385781446438131
"382",385,0.361035383159659,0.00840598590795412,0.369441369067614,0.377847354975568,0.386253340883522
"383",386,0.36019555049647,0.00893287784637394,0.369128428342844,0.378061306189218,0.386994184035592
"384",387,0.35959600416783,0.00959284913370309,0.369188853301533,0.378781702435236,0.388374551568939
"385",388,0.358911288249119,0.0092247365645117,0.368136024813631,0.377360761378142,0.386585497942654
"386",389,0.358966800151765,0.00930312097282263,0.368269921124587,0.37757304209741,0.386876163070233
"387",390,0.358995608393763,0.0092630993260859,0.368258707719849,0.377521807045935,0.386784906372021
"388",391,0.359910488125076,0.00865319382980868,0.368563681954884,0.377216875784693,0.385870069614502
"389",392,0.358883897016344,0.00964088604786682,0.36852478306421,0.378165669112077,0.387806555159944
"390",393,0.359438143569659,0.00968069008678639,0.369118833656446,0.378799523743232,0.388480213830018
"391",394,0.357194997823946,0.00857691075982192,0.365771908583768,0.37434881934359,0.382925730103412
"392",395,0.359007412351323,0.00829861131838635,0.367306023669709,0.375604634988095,0.383903246306482
"393",396,0.361846968699499,0.00903406438251644,0.370881033082016,0.379915097464532,0.388949161847048
"394",397,0.360197540279876,0.0104307353677159,0.370628275647592,0.381059011015308,0.391489746383024
"395",398,0.360597354626134,0.00910593395622416,0.369703288582358,0.378809222538582,0.387915156494806
"396",399,0.359178288258857,0.00796702361177581,0.367145311870633,0.375112335482409,0.383079359094184
"397",400,0.359281821939423,0.00920337086757571,0.368485192806999,0.377688563674574,0.38689193454215
"398",401,0.35871791332184,0.00939464807194774,0.368112561393788,0.377507209465736,0.386901857537683
"399",402,0.359433851742445,0.00831316779872253,0.367747019541167,0.37606018733989,0.384373355138612
"400",403,0.358945022450624,0.0084615495962495,0.367406572046874,0.375868121643123,0.384329671239373
"401",404,0.359886726700197,0.00913346793906113,0.369020194639258,0.378153662578319,0.38728713051738
"402",405,0.359460734893922,0.00951890633698228,0.368979641230904,0.378498547567887,0.388017453904869
"403",406,0.360420492975911,0.00884688671856372,0.369267379694475,0.378114266413039,0.386961153131602
"404",407,0.358333954514108,0.00904499064212739,0.367378945156236,0.376423935798363,0.38546892644049
"405",408,0.359611104560445,0.00884603337883668,0.368457137939281,0.377303171318118,0.386149204696955
"406",409,0.360323513522107,0.00819420426492651,0.368517717787033,0.37671192205196,0.384906126316886
"407",410,0.358198719745529,0.00929964152926214,0.367498361274792,0.376798002804054,0.386097644333316
"408",411,0.357762701156762,0.00929898214183341,0.367061683298595,0.376360665440429,0.385659647582262
"409",412,0.360074982065486,0.00946297044333297,0.369537952508819,0.379000922952152,0.388463893395485
"410",413,0.360688559227072,0.00947423223555687,0.370162791462629,0.379637023698186,0.389111255933743
"411",414,0.359768392760277,0.00976883173881795,0.369537224499095,0.379306056237913,0.38907488797673
"412",415,0.358606319467237,0.00901579136857765,0.367622110835815,0.376637902204393,0.38565369357297
"413",416,0.360399210671736,0.00813940065391791,0.368538611325654,0.376678011979572,0.38481741263349
"414",417,0.358642777101681,0.0094037955722287,0.36804657267391,0.377450368246138,0.386854163818367
"415",418,0.35966532020052,0.0100229859201405,0.36968830612066,0.379711292040801,0.389734277960941
"416",419,0.359380433827584,0.00847879372885074,0.367859227556435,0.376338021285286,0.384816815014136
"417",420,0.359030172955451,0.00964079797529735,0.368670970930749,0.378311768906046,0.387952566881343
"418",421,0.358270188865042,0.0086532703043027,0.366923459169345,0.375576729473648,0.38422999977795
"419",422,0.357961971539071,0.0103473429686614,0.368309314507732,0.378656657476394,0.389004000445055
"420",423,0.361010897374592,0.00789800252440232,0.368908899898994,0.376806902423397,0.384704904947799
"421",424,0.360533228653026,0.00878827988402111,0.369321508537047,0.378109788421068,0.386898068305089
"422",425,0.359331309511572,0.00905151162450892,0.368382821136081,0.37743433276059,0.386485844385099
"423",426,0.35912541078928,0.0097609736293565,0.368886384418636,0.378647358047993,0.388408331677349
"424",427,0.360355201379325,0.00901140602485243,0.369366607404177,0.37837801342903,0.387389419453882
"425",428,0.361412746995667,0.00934639595059225,0.370759142946259,0.380105538896852,0.389451934847444
"426",429,0.359189293696237,0.00888377820105536,0.368073071897292,0.376956850098347,0.385840628299403
"427",430,0.358080231563897,0.00866104634553498,0.366741277909432,0.375402324254967,0.384063370600502
"428",431,0.359315440074798,0.00861873684933518,0.367934176924133,0.376552913773468,0.385171650622803
"429",432,0.358988064694748,0.00893729522435585,0.367925359919103,0.376862655143459,0.385799950367815
"430",433,0.359025780797097,0.00807783015366426,0.367103610950761,0.375181441104425,0.383259271258089
"431",434,0.359428346503048,0.00751741532607473,0.366945761829123,0.374463177155198,0.381980592481272
"432",435,0.360275894015126,0.00865842194087548,0.368934315956002,0.377592737896877,0.386251159837753
"433",436,0.359435293096306,0.00976559884802364,0.36920089194433,0.378966490792354,0.388732089640377
"434",437,0.358722241515229,0.00913875056203383,0.367860992077263,0.376999742639297,0.386138493201331
"435",438,0.360097721579058,0.00902677817514741,0.369124499754205,0.378151277929353,0.3871780561045
"436",439,0.359597276233158,0.00844065954030622,0.368037935773464,0.37647859531377,0.384919254854076
"437",440,0.359687308043531,0.00788636403497252,0.367573672078504,0.375460036113476,0.383346400148449
"438",441,0.358828757588544,0.00840144983119296,0.367230207419737,0.37563165725093,0.384033107082123
"439",442,0.359801556485573,0.00962372482773524,0.369425281313308,0.379049006141043,0.388672730968779
"440",443,0.361097120691115,0.00811120808948887,0.369208328780603,0.377319536870092,0.385430744959581
"441",444,0.36044557947675,0.0084189720336589,0.368864551510409,0.377283523544068,0.385702495577727
"442",445,0.359949511336295,0.00910430700348706,0.369053818339782,0.378158125343269,0.387262432346756
"443",446,0.360640719040175,0.00840128353294881,0.369042002573124,0.377443286106073,0.385844569639022
"444",447,0.359581853024734,0.00783926458099814,0.367421117605732,0.37526038218673,0.383099646767729
"445",448,0.360096203234089,0.00835570829907905,0.368451911533168,0.376807619832247,0.385163328131326
"446",449,0.359211304899648,0.00964489155232726,0.368856196451975,0.378501088004302,0.388145979556629
"447",450,0.358721951865274,0.00858392468897892,0.367305876554252,0.375889801243231,0.38447372593221
"448",451,0.359450139746228,0.00928842805655806,0.368738567802786,0.378026995859344,0.387315423915902
"449",452,0.360847511121353,0.00886791517751841,0.369715426298871,0.37858334147639,0.387451256653908
"450",453,0.359516303154883,0.0076203760059567,0.367136679160839,0.374757055166796,0.382377431172753
"451",454,0.358464587486703,0.00926163886598385,0.367726226352687,0.376987865218671,0.386249504084655
"452",455,0.358967540999726,0.00797585970059317,0.36694340070032,0.374919260400913,0.382895120101506
"453",456,0.35961901869675,0.00893870485292648,0.368557723549677,0.377496428402603,0.38643513325553
"454",457,0.359400761736689,0.00847936262393684,0.367880124360625,0.376359486984562,0.384838849608499
"455",458,0.358340889293736,0.00808770751454707,0.366428596808283,0.37451630432283,0.382604011837377
"456",459,0.360030242445439,0.00877975952713391,0.368810001972573,0.377589761499707,0.386369521026841
"457",460,0.360612454879518,0.00887151331180615,0.369483968191324,0.378355481503131,0.387226994814937
"458",461,0.357670353354228,0.00829950078249514,0.365969854136723,0.374269354919218,0.382568855701713
"459",462,0.359910177686699,0.00902358200942088,0.36893375969612,0.377957341705541,0.386980923714961
"460",463,0.358265459493263,0.00796169055129184,0.366227150044555,0.374188840595847,0.382150531147139
"461",464,0.36059664523484,0.00883933141760633,0.369435976652446,0.378275308070053,0.387114639487659
"462",465,0.360312988220722,0.00826688165472917,0.368579869875451,0.37684675153018,0.38511363318491
"463",466,0.359597179044707,0.00811317163695465,0.367710350681662,0.375823522318617,0.383936693955571
"464",467,0.359822831246196,0.00820855085223186,0.368031382098428,0.37623993295066,0.384448483802892
"465",468,0.358228972891592,0.00807662398730537,0.366305596878897,0.374382220866202,0.382458844853508
"466",469,0.359474976164918,0.00790588251493003,0.367380858679848,0.375286741194778,0.383192623709708
"467",470,0.359543260971043,0.00785651056740381,0.367399771538446,0.37525628210585,0.383112792673254
"468",471,0.357990448809243,0.00774362746604188,0.365734076275285,0.373477703741326,0.381221331207368
"469",472,0.359803966424156,0.00814027429395841,0.367944240718114,0.376084515012073,0.384224789306031
"470",473,0.359985493038653,0.00758879200526786,0.367574285043921,0.375163077049189,0.382751869054457
"471",474,0.360723810885936,0.00896431287472548,0.369688123760661,0.378652436635387,0.387616749510112
"472",475,0.359542098496191,0.008533579121715,0.368075677617906,0.376609256739621,0.385142835861336
"473",476,0.360968562371895,0.00791714616649906,0.368885708538394,0.376802854704893,0.384720000871392
"474",477,0.359935114512326,0.00851708989801224,0.368452204410338,0.376969294308351,0.385486384206363
"475",478,0.360420847107994,0.00832724798850166,0.368748095096495,0.377075343084997,0.385402591073499
"476",479,0.358051237018224,0.00764487298537216,0.365696110003596,0.373340982988969,0.380985855974341
"477",480,0.359075131531513,0.00834701607434956,0.367422147605863,0.375769163680212,0.384116179754562
"478",481,0.360057694852422,0.00896676005680139,0.369024454909224,0.377991214966025,0.386957975022827
"479",482,0.359950163215657,0.00659753140256929,0.366547694618226,0.373145226020795,0.379742757423364
"480",483,0.359489526477229,0.0080300523763686,0.367519578853598,0.375549631229966,0.383579683606335
"481",484,0.359230423081136,0.00788104778753329,0.367111470868669,0.374992518656203,0.382873566443736
"482",485,0.359826860444968,0.0080305360196039,0.367857396464572,0.375887932484176,0.38391846850378
"483",486,0.360329886703208,0.00755735684567984,0.367887243548888,0.375444600394568,0.383001957240247
"484",487,0.35898974024859,0.00869344078598529,0.367683181034575,0.376376621820561,0.385070062606546
"485",488,0.361255493795151,0.00864706413803945,0.36990255793319,0.37854962207123,0.387196686209269
"486",489,0.358961875102416,0.0077983235073277,0.366760198609744,0.374558522117071,0.382356845624399
"487",490,0.360254448201467,0.00684908403352245,0.36710353223499,0.373952616268512,0.380801700302035
"488",491,0.359409162140438,0.00883206352738599,0.368241225667824,0.37707328919521,0.385905352722596
"489",492,0.359645020551146,0.00834942318506693,0.367994443736213,0.37634386692128,0.384693290106347
"490",493,0.359427282443975,0.00721606177232296,0.366643344216298,0.373859405988621,0.381075467760944
"491",494,0.35896321996131,0.00828691510063668,0.367250135061947,0.375537050162583,0.38382396526322
"492",495,0.359337094051156,0.00821926561115809,0.367556359662315,0.375775625273473,0.383994890884631
"493",496,0.360748642462356,0.00797677393981644,0.368725416402172,0.376702190341989,0.384678964281805
"494",497,0.358629727972452,0.00801690899127681,0.366646636963729,0.374663545955006,0.382680454946283
"495",498,0.358521951501332,0.00740775657984539,0.365929708081178,0.373337464661023,0.380745221240868
"496",499,0.358572742526485,0.00930952550172543,0.367882268028211,0.377191793529936,0.386501319031661
"497",500,0.359795643542172,0.0088212100238336,0.368616853566005,0.377438063589839,0.386259273613673
"498",501,0.358096481424314,0.0074344327160135,0.365530914140327,0.372965346856341,0.380399779572354
"499",502,0.359607197378841,0.00798623495714772,0.367593432335989,0.375579667293137,0.383565902250284
"500",503,0.35919404719122,0.00942027969146205,0.368614326882682,0.378034606574144,0.387454886265606
"501",504,0.359426288700735,0.00745385099865723,0.366880139699392,0.374333990698049,0.381787841696707
"502",505,0.360417492313954,0.00753830237319642,0.36795579468715,0.375494097060347,0.383032399433543
"503",506,0.360553707812573,0.00759156556891703,0.36814527338149,0.375736838950407,0.383328404519324
"504",507,0.358764044895158,0.00816660876085468,0.366930653656013,0.375097262416867,0.383263871177722
"505",508,0.359255075935702,0.00817953066400764,0.36743460659971,0.375614137263718,0.383793667927725
"506",509,0.359763070158758,0.00708917379699231,0.366852243955751,0.373941417752743,0.381030591549735
"507",510,0.359539017332737,0.00778047821556769,0.367319495548305,0.375099973763872,0.38288045197944
"508",511,0.359164146538244,0.00875882388016006,0.367922970418404,0.376681794298564,0.385440618178724
"509",512,0.359374109397421,0.00763848366361216,0.367012593061033,0.374651076724645,0.382289560388257
"510",513,0.36030340694853,0.00766819752752532,0.367971604476055,0.37563980200358,0.383307999531106
"511",514,0.359686772075045,0.00757060233245953,0.367257374407505,0.374827976739964,0.382398579072424
"512",515,0.359052822427804,0.0078299796394966,0.3668828020673,0.374712781706797,0.382542761346294
"513",516,0.35884343063023,0.00778018670417924,0.36662361733441,0.374403804038589,0.382183990742768
"514",517,0.359720796893091,0.00828903456700931,0.3680098314601,0.376298866027109,0.384587900594119
"515",518,0.359916102920429,0.00795624448620634,0.367872347406636,0.375828591892842,0.383784836379048
"516",519,0.35802532433053,0.00774321227483198,0.365768536605362,0.373511748880194,0.381254961155026
"517",520,0.358982722534098,0.00832769452838748,0.367310417062486,0.375638111590873,0.383965806119261
"518",521,0.359834179530208,0.00797957160905642,0.367813751139264,0.375793322748321,0.383772894357377
"519",522,0.359105449643654,0.00857414009652531,0.36767958974018,0.376253729836705,0.38482786993323
"520",523,0.358708644564399,0.00787872283244971,0.366587367396848,0.374466090229298,0.382344813061748
"521",524,0.359226753651807,0.00761857915102137,0.366845332802829,0.37446391195385,0.382082491104871
"522",525,0.359454294680488,0.00771116541865958,0.367165460099148,0.374876625517807,0.382587790936467
"523",526,0.361084255993477,0.00778032308589475,0.368864579079371,0.376644902165266,0.384425225251161
"524",527,0.358766278842771,0.00839993549462882,0.367166214337399,0.375566149832028,0.383966085326657
"525",528,0.359337443820508,0.00810164033039301,0.367439084150901,0.375540724481294,0.383642364811687
"526",529,0.359122403342972,0.00778744267806599,0.366909846021038,0.374697288699104,0.38248473137717
"527",530,0.359138366879702,0.00831275688788304,0.367451123767585,0.375763880655468,0.384076637543351
"528",531,0.358274501856708,0.00713302659461304,0.365407528451321,0.372540555045934,0.379673581640547
"529",532,0.358760743087819,0.00805934721823935,0.366820090306058,0.374879437524298,0.382938784742537
"530",533,0.359640844642147,0.00678075992229207,0.366421604564439,0.373202364486731,0.379983124409024
"531",534,0.358792727646761,0.00790190910095294,0.366694636747714,0.374596545848667,0.38249845494962
"532",535,0.35880947396963,0.00810379351994004,0.36691326748957,0.37501706100951,0.38312085452945
"533",536,0.359141526622682,0.00690816802895206,0.366049694651634,0.372957862680586,0.379866030709538
"534",537,0.360322726993393,0.00806894546136487,0.368391672454758,0.376460617916123,0.384529563377488
"535",538,0.359511659525191,0.00769866593398471,0.367210325459175,0.37490899139316,0.382607657327145
"536",539,0.36000349062887,0.00727247326161606,0.367275963890486,0.374548437152102,0.381820910413718
"537",540,0.359457451929902,0.0069107398441023,0.366368191774005,0.373278931618107,0.380189671462209
"538",541,0.360232222714345,0.00819588282145707,0.368428105535802,0.376623988357259,0.384819871178717
"539",542,0.357774212045426,0.00778479212549212,0.365559004170918,0.37334379629641,0.381128588421902
"540",543,0.35987738698765,0.00710095337552985,0.36697834036318,0.37407929373871,0.38118024711424
"541",544,0.360429308042654,0.00730675568439838,0.367736063727052,0.37504281941145,0.382349575095849
"542",545,0.359337737040559,0.00797951671514685,0.367317253755706,0.375296770470853,0.383276287186
"543",546,0.359756826682185,0.00735825483476109,0.367115081516946,0.374473336351707,0.381831591186468
"544",547,0.360249879249226,0.00824570641084905,0.368495585660075,0.376741292070924,0.384986998481773
"545",548,0.360619099802341,0.00724333720713096,0.367862437009472,0.375105774216603,0.382349111423734
"546",549,0.360470151040597,0.00735901215895736,0.367829163199554,0.375188175358512,0.382547187517469
"547",550,0.359463422560887,0.00790403912672165,0.367367461687609,0.37527150081433,0.383175539941052
"548",551,0.360603111297224,0.00804384289653001,0.368646954193754,0.376690797090284,0.384734639986814
"549",552,0.358646711856381,0.00834341319244922,0.366990125048831,0.37533353824128,0.383676951433729
"550",553,0.359900201734197,0.00783787879832448,0.367738080532521,0.375575959330846,0.38341383812917
"551",554,0.359584659072191,0.00762845560501231,0.367213114677204,0.374841570282216,0.382470025887228
"552",555,0.359606778265362,0.00741374058891907,0.367020518854281,0.3744342594432,0.381848000032119
"553",556,0.359868604678556,0.00688267178962538,0.366751276468181,0.373633948257807,0.380516620047432
"554",557,0.360120326732134,0.00782005994297344,0.367940386675108,0.375760446618081,0.383580506561055
"555",558,0.35991326478822,0.00678710390567482,0.366700368693895,0.37348747259957,0.380274576505245
"556",559,0.358541208074208,0.00713536198518981,0.365676570059397,0.372811932044587,0.379947294029777
"557",560,0.359124038218502,0.00774379742785994,0.366867835646362,0.374611633074222,0.382355430502082
"558",561,0.360172071897229,0.0075407947241008,0.367712866621329,0.37525366134543,0.382794456069531
"559",562,0.360826550287329,0.00721751300202692,0.368044063289355,0.375261576291382,0.382479089293409
"560",563,0.361501759723118,0.00771434072644882,0.369216100449567,0.376930441176016,0.384644781902465
"561",564,0.359431643433751,0.00758803545027787,0.367019678884029,0.374607714334307,0.382195749784584
"562",565,0.359993220104004,0.00798312491693483,0.367976345020939,0.375959469937874,0.383942594854809
"563",566,0.358123405723996,0.00779258915736335,0.365915994881359,0.373708584038723,0.381501173196086
"564",567,0.358995190633481,0.00734660279100524,0.366341793424487,0.373688396215492,0.381034999006497
"565",568,0.358731342024488,0.00649096653313731,0.365222308557625,0.371713275090762,0.3782042416239
"566",569,0.358161745272609,0.00787980899758756,0.366041554270196,0.373921363267784,0.381801172265372
"567",570,0.35933211711828,0.00815280559735804,0.367484922715638,0.375637728312996,0.383790533910354
"568",571,0.359487541111084,0.0063695517677656,0.365857092878849,0.372226644646615,0.378596196414381
"569",572,0.358403145140027,0.00769487416331021,0.366098019303337,0.373792893466648,0.381487767629958
"570",573,0.359975930409338,0.00778246209439136,0.36775839250373,0.375540854598121,0.383323316692513
"571",574,0.35946015211574,0.00752999008230272,0.366990142198043,0.374520132280346,0.382050122362648
"572",575,0.359820324656848,0.00758443651769818,0.367404761174547,0.374989197692245,0.382573634209943
"573",576,0.358869086761034,0.00748352399064669,0.36635261075168,0.373836134742327,0.381319658732974
"574",577,0.359079784923624,0.00687952283837384,0.365959307761998,0.372838830600372,0.379718353438746
"575",578,0.359008911083405,0.00691860050196416,0.365927511585369,0.372846112087333,0.379764712589297
"576",579,0.360546337553166,0.00831700351072175,0.368863341063887,0.377180344574609,0.385497348085331
"577",580,0.358866059516121,0.00634689961568855,0.36521295913181,0.371559858747498,0.377906758363187
"578",581,0.360973986467692,0.00692599118854012,0.367899977656232,0.374825968844772,0.381751960033312
"579",582,0.361235445049464,0.00715899832943818,0.368394443378903,0.375553441708341,0.382712440037779
"580",583,0.359135310493942,0.00764930012166828,0.366784610615611,0.374433910737279,0.382083210858947
"581",584,0.357780649132902,0.00756254990529501,0.365343199038197,0.372905748943492,0.380468298848787
"582",585,0.359026993015832,0.00651134141581676,0.365538334431649,0.372049675847466,0.378561017263283
"583",586,0.360356655882204,0.00695047201699231,0.367307127899196,0.374257599916189,0.381208071933181
"584",587,0.359696026464196,0.00759758812068652,0.367293614584882,0.374891202705569,0.382488790826255
"585",588,0.359190988685635,0.00609123422483945,0.365282222910474,0.371373457135314,0.377464691360153
"586",589,0.359738106104996,0.00793523697993438,0.367673343084931,0.375608580064865,0.383543817044799
"587",590,0.3591851022992,0.0075983565935268,0.366783458892727,0.374381815486253,0.38198017207978
"588",591,0.359663930937158,0.00734012656406719,0.367004057501225,0.374344184065292,0.38168431062936
"589",592,0.358061448789022,0.00631824166629552,0.364379690455317,0.370697932121613,0.377016173787908
"590",593,0.360886429283799,0.00615434564273823,0.367040774926537,0.373195120569275,0.379349466212013
"591",594,0.359826748690195,0.00733657952621758,0.367163328216413,0.374499907742631,0.381836487268848
"592",595,0.358808666415178,0.00761187715648258,0.366420543571661,0.374032420728143,0.381644297884626
"593",596,0.359621328171823,0.00685041594875397,0.366471744120577,0.373322160069331,0.380172576018085
"594",597,0.359388109498826,0.00609355419364303,0.365481663692469,0.371575217886112,0.377668772079755
"595",598,0.360382952390292,0.00702743311577006,0.367410385506062,0.374437818621832,0.381465251737602
"596",599,0.358856406736026,0.00685548053276906,0.365711887268795,0.372567367801564,0.379422848334333
"597",600,0.359176180110595,0.00760545298973271,0.366781633100328,0.37438708609006,0.381992539079793
"598",601,0.358462540281065,0.00824480132250958,0.366707341603574,0.374952142926084,0.383196944248593
"599",602,0.359318547083866,0.00790439960548395,0.36722294668935,0.375127346294834,0.383031745900318
"600",603,0.3595423860893,0.00767665626380565,0.367219042353105,0.374895698616911,0.382572354880717
"601",604,0.360441423579531,0.0056084571960735,0.366049880775605,0.371658337971678,0.377266795167752
"602",605,0.359560315773955,0.00782445856024247,0.367384774334197,0.37520923289444,0.383033691454682
"603",606,0.359868238725668,0.00746283643847587,0.367331075164144,0.37479391160262,0.382256748041096
"604",607,0.358359546393508,0.00703319734023997,0.365392743733748,0.372425941073988,0.379459138414228
"605",608,0.360084875738176,0.00689657184565504,0.366981447583831,0.373878019429486,0.380774591275141
"606",609,0.359187492168202,0.00724162273878477,0.366429114906987,0.373670737645772,0.380912360384557
"607",610,0.35932179091013,0.00738360086791197,0.366705391778042,0.374088992645954,0.381472593513866
"608",611,0.359584446985916,0.00715692077324666,0.366741367759163,0.373898288532409,0.381055209305656
"609",612,0.360779719477517,0.00665643790146857,0.367436157378986,0.374092595280454,0.380749033181923
"610",613,0.359272339588956,0.00663904430012406,0.36591138388908,0.372550428189204,0.379189472489328
"611",614,0.360069931266687,0.00794891620518951,0.368018847471877,0.375967763677066,0.383916679882256
"612",615,0.361106617095919,0.0066517967008039,0.367758413796723,0.374410210497527,0.381062007198331
"613",616,0.358305249996698,0.00820238672653502,0.366507636723233,0.374710023449768,0.382912410176303
"614",617,0.358560986824171,0.00721339247356652,0.365774379297738,0.372987771771304,0.380201164244871
"615",618,0.35977800792467,0.00709799688847401,0.366876004813144,0.373974001701618,0.381071998590092
"616",619,0.359344773061784,0.00780572893411146,0.367150501995896,0.374956230930007,0.382761959864119
"617",620,0.35932973047522,0.00698512678918246,0.366314857264402,0.373299984053584,0.380285110842767
"618",621,0.360027821860891,0.0074476661478437,0.367475488008734,0.374923154156578,0.382370820304422
"619",622,0.359582327482739,0.00702373822714861,0.366606065709888,0.373629803937037,0.380653542164185
"620",623,0.359755206257373,0.00769210616259833,0.367447312419971,0.37513941858257,0.382831524745168
"621",624,0.359454924835838,0.0060742065806416,0.36552913141648,0.371603337997121,0.377677544577763
"622",625,0.359411873549667,0.00660575679293424,0.366017630342601,0.372623387135535,0.379229143928469
"623",626,0.359782288066873,0.00783887039886633,0.367621158465739,0.375460028864605,0.383298899263472
"624",627,0.360214885977854,0.00719522845102191,0.367410114428876,0.374605342879898,0.38180057133092
"625",628,0.35941372916762,0.00630190403949663,0.365715633207117,0.372017537246614,0.37831944128611
"626",629,0.360119072598814,0.00748509396816509,0.367604166566979,0.375089260535144,0.382574354503309
"627",630,0.358445133373235,0.00736056907351396,0.365805702446748,0.373166271520262,0.380526840593776
"628",631,0.360034233693204,0.00681282039510942,0.366847054088314,0.373659874483423,0.380472694878533
"629",632,0.360513277192492,0.00733183062963325,0.367845107822126,0.375176938451759,0.382508769081392
"630",633,0.357953150122165,0.00676822219551567,0.364721372317681,0.371489594513197,0.378257816708712
"631",634,0.360376719290003,0.00709414509613798,0.367470864386141,0.374565009482279,0.381659154578417
"632",635,0.359603005212101,0.00778776990340288,0.367390775115504,0.375178545018907,0.38296631492231
"633",636,0.359590593290512,0.00670452082823597,0.366295114118748,0.372999634946984,0.37970415577522
"634",637,0.360146046287111,0.00734275351074961,0.36748879979786,0.37483155330861,0.382174306819359
"635",638,0.360393658264623,0.00707560011475648,0.367469258379379,0.374544858494136,0.381620458608892
"636",639,0.359604586393306,0.0070179018156201,0.366622488208926,0.373640390024546,0.380658291840167
"637",640,0.358792867337881,0.00655518004094501,0.365348047378826,0.371903227419771,0.378458407460716
"638",641,0.35982687565756,0.00607807460892799,0.365904950266488,0.371983024875416,0.378061099484344
"639",642,0.359282547717307,0.00723949206169989,0.366522039779007,0.373761531840707,0.381001023902407
"640",643,0.357610696842152,0.00821363869632791,0.36582433553848,0.374037974234808,0.382251612931136
"641",644,0.359613769704174,0.0066820732615216,0.366295842965695,0.372977916227217,0.379659989488739
"642",645,0.359847075217144,0.00641031112611961,0.366257386343264,0.372667697469383,0.379078008595503
"643",646,0.359517478733901,0.00658068675444544,0.366098165488346,0.372678852242792,0.379259538997237
"644",647,0.359536682731665,0.00729687788484633,0.366833560616511,0.374130438501358,0.381427316386204
"645",648,0.359532429171679,0.00581755620092895,0.365349985372608,0.371167541573537,0.376985097774466
